{
  "type": "FeatureCollection",
  "generator": "overpass-turbo",
  "copyright": "The data included in this document is from www.openstreetmap.org. The data is made available under ODbL.",
  "timestamp": "2025-08-19T12:45:35Z",
  "features": [
    {
      "type": "Feature",
      "properties": {
        "@id": "way/7039960",
        "carriageway_ref": "Li",
        "hazmat:B": "no",
        "hazmat:C": "no",
        "hazmat:D": "yes",
        "hazmat:E": "yes",
        "highway": "motorway",
        "int_ref": "E 35",
        "lanes": "3",
        "lit": "yes",
        "maxspeed": "100",
        "name": "Ringweg-Noord",
        "oneway": "yes",
        "operator": "Rijkswaterstaat",
        "ref": "A10",
        "surface": "asphalt"
      },
      "geometry": {
        "type": "LineString",
        "coordinates": [
          [
            4.9731095,
            52.3691939
          ],
          [
            4.973248,
            52.3695642
          ],
          [
            4.9733876,
            52.369984
          ],
          [
            4.9734819,
            52.3702817
          ]
        ]
      },
      "id": "way/7039960"
    },
    {
      "type": "Feature",
      "properties": {
        "@id": "way/7039961",
        "carriageway_ref": "Re",
        "hazmat:B": "no",
        "hazmat:C": "no",
        "hazmat:D": "yes",
        "hazmat:E": "yes",
        "highway": "motorway",
        "int_ref": "E 35",
        "lanes": "3",
        "layer": "-1",
        "lit": "24/7",
        "maxheight": "4.2",
        "maxspeed": "100",
        "name": "Ringweg-Noord",
        "oneway": "yes",
        "operator": "Rijkswaterstaat",
        "ref": "A10",
        "surface": "asphalt",
        "tunnel": "yes",
        "tunnel:name": "Zeeburgertunnel"
      },
      "geometry": {
        "type": "LineString",
        "coordinates": [
          [
            4.9739625,
            52.3765332
          ],
          [
            4.9740034,
            52.376034
          ],
          [
            4.9740208,
            52.3750109
          ],
          [
            4.9739926,
            52.3739898
          ],
          [
            4.9739227,
            52.3731194
          ],
          [
            4.9736386,
            52.3716913
          ]
        ]
      },
      "id": "way/7039961"
    },
    {
      "type": "Feature",
      "properties": {
        "@id": "way/7039962",
        "carriageway_ref": "Li",
        "hazmat:B": "no",
        "hazmat:C": "no",
        "hazmat:D": "yes",
        "hazmat:E": "yes",
        "highway": "motorway",
        "int_ref": "E 35",
        "lanes": "3",
        "layer": "-1",
        "lit": "24/7",
        "maxheight": "4.2",
        "maxspeed": "100",
        "name": "Ringweg-Noord",
        "oneway": "yes",
        "operator": "Rijkswaterstaat",
        "ref": "A10",
        "surface": "asphalt",
        "tunnel": "yes",
        "tunnel:name": "Zeeburgertunnel"
      },
      "geometry": {
        "type": "LineString",
        "coordinates": [
          [
            4.9738538,
            52.3716704
          ],
          [
            4.9741516,
            52.373088
          ],
          [
            4.9742195,
            52.3739748
          ],
          [
            4.9742248,
            52.3750085
          ],
          [
            4.9741798,
            52.3760427
          ],
          [
            4.9741676,
            52.3765384
          ]
        ]
      },
      "id": "way/7039962"
    },
    {
      "type": "Feature",
      "properties": {
        "@id": "way/7039963",
        "carriageway_ref": "Re",
        "cutting": "yes",
        "hazmat:B": "no",
        "hazmat:C": "no",
        "hazmat:D": "yes",
        "hazmat:E": "yes",
        "highway": "motorway",
        "int_ref": "E 35",
        "lanes": "3",
        "lit": "yes",
        "maxspeed": "100",
        "name": "Ringweg-Noord",
        "oneway": "yes",
        "operator": "Rijkswaterstaat",
        "ref": "A10",
        "surface": "asphalt"
      },
      "geometry": {
        "type": "LineString",
        "coordinates": [
          [
            4.9735951,
            52.3787725
          ],
          [
            4.973695,
            52.3783297
          ],
          [
            4.9737828,
            52.3778996
          ],
          [
            4.9738257,
            52.3776552
          ]
        ]
      },
      "id": "way/7039963"
    },
    {
      "type": "Feature",
      "properties": {
        "@id": "way/7039964",
        "carriageway_ref": "Li",
        "cutting": "yes",
        "hazmat:B": "no",
        "hazmat:C": "no",
        "hazmat:D": "yes",
        "hazmat:E": "yes",
        "highway": "motorway",
        "int_ref": "E 35",
        "lanes": "4",
        "lit": "yes",
        "maxspeed": "100",
        "name": "Ringweg-Noord",
        "oneway": "yes",
        "operator": "Rijkswaterstaat",
        "ref": "A10",
        "surface": "asphalt"
      },
      "geometry": {
        "type": "LineString",
        "coordinates": [
          [
            4.9741371,
            52.3769393
          ],
          [
            4.9741186,
            52.3772236
          ],
          [
            4.9740403,
            52.3777516
          ],
          [
            4.9739403,
            52.3783176
          ],
          [
            4.9738395,
            52.3787956
          ]
        ]
      },
      "id": "way/7039964"
    },
    {
      "type": "Feature",
      "properties": {
        "@id": "way/7039967",
        "bridge": "yes",
        "carriageway_ref": "Re",
        "hazmat:B": "no",
        "hazmat:C": "no",
        "hazmat:D": "yes",
        "hazmat:E": "yes",
        "highway": "motorway",
        "int_ref": "E 35",
        "lanes": "4",
        "layer": "1",
        "lit": "yes",
        "maxspeed": "100",
        "name": "Ringweg-Noord",
        "oneway": "yes",
        "operator": "Rijkswaterstaat",
        "ref": "A10",
        "surface": "asphalt",
        "turn:lanes": "none|none|none|slight_right"
      },
      "geometry": {
        "type": "LineString",
        "coordinates": [
          [
            4.9722995,
            52.3678731
          ],
          [
            4.9720105,
            52.3673177
          ]
        ]
      },
      "id": "way/7039967"
    },
    {
      "type": "Feature",
      "properties": {
        "@id": "way/7039970",
        "bridge": "yes",
        "carriageway_ref": "Li",
        "highway": "motorway",
        "int_ref": "E 35",
        "lanes": "3",
        "layer": "1",
        "lit": "yes",
        "maxspeed": "100",
        "name": "Ringweg-Noord",
        "oneway": "yes",
        "operator": "Rijkswaterstaat",
        "ref": "A10",
        "surface": "asphalt"
      },
      "geometry": {
        "type": "LineString",
        "coordinates": [
          [
            4.9722081,
            52.3672126
          ],
          [
            4.9722606,
            52.3673168
          ]
        ]
      },
      "id": "way/7039970"
    },
    {
      "type": "Feature",
      "properties": {
        "@id": "way/7039973",
        "bridge": "yes",
        "carriageway_ref": "Li",
        "destination": "Amsterdam-Noord;Purmerend;Zaanstad",
        "destination:int_ref": "E35",
        "destination:ref": "RING A10",
        "hazmat:B": "no",
        "hazmat:C": "no",
        "hazmat:D": "yes",
        "hazmat:E": "yes",
        "highway": "motorway",
        "int_ref": "E 35",
        "lanes": "3",
        "layer": "1",
        "lit": "yes",
        "maxspeed": "100",
        "name": "Ringweg-Noord",
        "oneway": "yes",
        "operator": "Rijkswaterstaat",
        "ref": "A10",
        "surface": "asphalt"
      },
      "geometry": {
        "type": "LineString",
        "coordinates": [
          [
            4.9701148,
            52.3632604
          ],
          [
            4.9714573,
            52.3657842
          ]
        ]
      },
      "id": "way/7039973"
    },
    {
      "type": "Feature",
      "properties": {
        "@id": "way/7039976",
        "carriageway_ref": "Re",
        "hazmat:B": "no",
        "hazmat:C": "no",
        "hazmat:D": "yes",
        "hazmat:E": "yes",
        "highway": "motorway",
        "int_ref": "E 35",
        "lanes": "3",
        "lit": "yes",
        "maxspeed": "100",
        "name": "Ringweg-Noord",
        "oneway": "yes",
        "operator": "Rijkswaterstaat",
        "ref": "A10",
        "surface": "asphalt"
      },
      "geometry": {
        "type": "LineString",
        "coordinates": [
          [
            4.9720105,
            52.3673177
          ],
          [
            4.9712381,
            52.3658304
          ]
        ]
      },
      "id": "way/7039976"
    },
    {
      "type": "Feature",
      "properties": {
        "@id": "way/7039979",
        "bridge": "yes",
        "carriageway_ref": "Re",
        "highway": "motorway",
        "int_ref": "E 35",
        "lanes": "4",
        "layer": "1",
        "lit": "yes",
        "maxspeed": "100",
        "name": "Ringweg-Noord",
        "oneway": "yes",
        "operator": "Rijkswaterstaat",
        "ref": "A10",
        "surface": "asphalt",
        "turn:lanes": "none|none|none|slight_right"
      },
      "geometry": {
        "type": "LineString",
        "coordinates": [
          [
            4.970016,
            52.3636203
          ],
          [
            4.9683615,
            52.3606323
          ],
          [
            4.9655643,
            52.3557205
          ]
        ]
      },
      "id": "way/7039979"
    },
    {
      "type": "Feature",
      "properties": {
        "@id": "way/7039985",
        "carriageway_ref": "Re",
        "cutting": "yes",
        "hazmat:B": "no",
        "hazmat:C": "no",
        "hazmat:D": "yes",
        "hazmat:E": "yes",
        "highway": "motorway",
        "int_ref": "E 35",
        "lanes": "3",
        "lit": "yes",
        "maxspeed": "100",
        "name": "Ringweg-Noord",
        "oneway": "yes",
        "operator": "Rijkswaterstaat",
        "ref": "A10",
        "surface": "asphalt"
      },
      "geometry": {
        "type": "LineString",
        "coordinates": [
          [
            4.9736386,
            52.3716913
          ],
          [
            4.9735338,
            52.3712141
          ],
          [
            4.9734012,
            52.3707329
          ],
          [
            4.9732687,
            52.370295
          ]
        ]
      },
      "id": "way/7039985"
    },
    {
      "type": "Feature",
      "properties": {
        "@id": "way/7040861",
        "carriageway_ref": "Re",
        "hazmat:B": "no",
        "hazmat:C": "no",
        "hazmat:D": "yes",
        "hazmat:E": "yes",
        "highway": "motorway",
        "int_ref": "E 35",
        "lanes": "3",
        "lit": "yes",
        "maxspeed": "100",
        "name": "Ringweg-Noord",
        "oneway": "yes",
        "operator": "Rijkswaterstaat",
        "ref": "A10",
        "surface": "asphalt"
      },
      "geometry": {
        "type": "LineString",
        "coordinates": [
          [
            4.9637375,
            52.3934851
          ],
          [
            4.9642394,
            52.3929165
          ],
          [
            4.9664951,
            52.390265
          ],
          [
            4.9670304,
            52.3896423
          ],
          [
            4.9682253,
            52.3882114
          ],
          [
            4.9690651,
            52.38721
          ]
        ]
      },
      "id": "way/7040861"
    },
    {
      "type": "Feature",
      "properties": {
        "@id": "way/7040863",
        "carriageway_ref": "Li",
        "hazmat:B": "no",
        "hazmat:C": "no",
        "hazmat:D": "yes",
        "hazmat:E": "yes",
        "highway": "motorway",
        "int_ref": "E 35",
        "lanes": "3",
        "lit": "yes",
        "maxspeed": "100",
        "name": "Ringweg-Noord",
        "oneway": "yes",
        "operator": "Rijkswaterstaat",
        "ref": "A10",
        "surface": "asphalt"
      },
      "geometry": {
        "type": "LineString",
        "coordinates": [
          [
            4.9692788,
            52.3872563
          ],
          [
            4.9682207,
            52.3885381
          ],
          [
            4.9672203,
            52.3897248
          ],
          [
            4.9667106,
            52.3903159
          ],
          [
            4.9645603,
            52.3928524
          ]
        ]
      },
      "id": "way/7040863"
    },
    {
      "type": "Feature",
      "properties": {
        "@id": "way/7040873",
        "bridge": "yes",
        "carriageway_ref": "Li",
        "hazmat:B": "no",
        "hazmat:C": "no",
        "hazmat:D": "yes",
        "hazmat:E": "yes",
        "highway": "motorway",
        "int_ref": "E 35",
        "lanes": "3",
        "layer": "1",
        "lit": "yes",
        "maxspeed": "100",
        "name": "Ringweg-Noord",
        "oneway": "yes",
        "operator": "Rijkswaterstaat",
        "ref": "A10",
        "surface": "asphalt"
      },
      "geometry": {
        "type": "LineString",
        "coordinates": [
          [
            4.9693776,
            52.3871365
          ],
          [
            4.9692788,
            52.3872563
          ]
        ]
      },
      "id": "way/7040873"
    },
    {
      "type": "Feature",
      "properties": {
        "@id": "way/7040875",
        "bridge": "yes",
        "carriageway_ref": "Re",
        "hazmat:B": "no",
        "hazmat:C": "no",
        "hazmat:D": "yes",
        "hazmat:E": "yes",
        "highway": "motorway",
        "int_ref": "E 35",
        "lanes": "3",
        "layer": "1",
        "lit": "yes",
        "maxspeed": "100",
        "name": "Ringweg-Noord",
        "oneway": "yes",
        "operator": "Rijkswaterstaat",
        "ref": "A10",
        "surface": "asphalt"
      },
      "geometry": {
        "type": "LineString",
        "coordinates": [
          [
            4.9690651,
            52.38721
          ],
          [
            4.9691656,
            52.3870848
          ]
        ]
      },
      "id": "way/7040875"
    },
    {
      "type": "Feature",
      "properties": {
        "@id": "way/7040876",
        "carriageway_ref": "Li",
        "hazmat:B": "no",
        "hazmat:C": "no",
        "hazmat:D": "yes",
        "hazmat:E": "yes",
        "highway": "motorway",
        "int_ref": "E 35",
        "lanes": "4",
        "lit": "yes",
        "maxspeed": "100",
        "name": "Ringweg-Noord",
        "oneway": "yes",
        "operator": "Rijkswaterstaat",
        "placement": "middle_of:2",
        "ref": "A10",
        "surface": "asphalt",
        "turn:lanes": "none|none|none|slight_right"
      },
      "geometry": {
        "type": "LineString",
        "coordinates": [
          [
            4.9721646,
            52.3831105
          ],
          [
            4.9715674,
            52.3841584
          ],
          [
            4.9711993,
            52.3847357
          ],
          [
            4.970637,
            52.3855453
          ],
          [
            4.9696348,
            52.3868262
          ]
        ]
      },
      "id": "way/7040876"
    },
    {
      "type": "Feature",
      "properties": {
        "@id": "way/7040877",
        "carriageway_ref": "Re",
        "hazmat:B": "no",
        "hazmat:C": "no",
        "hazmat:D": "yes",
        "hazmat:E": "yes",
        "highway": "motorway",
        "int_ref": "E 35",
        "lanes": "3",
        "lit": "yes",
        "maxspeed": "100",
        "name": "Ringweg-Noord",
        "oneway": "yes",
        "operator": "Rijkswaterstaat",
        "ref": "A10",
        "surface": "asphalt"
      },
      "geometry": {
        "type": "LineString",
        "coordinates": [
          [
            4.9691656,
            52.3870848
          ],
          [
            4.9693108,
            52.3869132
          ]
        ]
      },
      "id": "way/7040877"
    },
    {
      "type": "Feature",
      "properties": {
        "@id": "way/7040878",
        "bridge": "yes",
        "carriageway_ref": "Re",
        "hazmat:B": "no",
        "hazmat:C": "no",
        "hazmat:D": "yes",
        "hazmat:E": "yes",
        "highway": "motorway",
        "int_ref": "E 35",
        "lanes": "3",
        "layer": "1",
        "lit": "yes",
        "maxspeed": "100",
        "name": "Ringweg-Noord",
        "oneway": "yes",
        "operator": "Rijkswaterstaat",
        "ref": "A10",
        "surface": "asphalt"
      },
      "geometry": {
        "type": "LineString",
        "coordinates": [
          [
            4.9732154,
            52.3801215
          ],
          [
            4.9732984,
            52.3798483
          ]
        ]
      },
      "id": "way/7040878"
    },
    {
      "type": "Feature",
      "properties": {
        "@id": "way/7040879",
        "carriageway_ref": "Re",
        "hazmat:B": "no",
        "hazmat:C": "no",
        "hazmat:D": "yes",
        "hazmat:E": "yes",
        "highway": "motorway",
        "int_ref": "E 35",
        "lanes": "3",
        "lit": "yes",
        "maxspeed": "100",
        "name": "Ringweg-Noord",
        "oneway": "yes",
        "operator": "Rijkswaterstaat",
        "ref": "A10",
        "surface": "asphalt"
      },
      "geometry": {
        "type": "LineString",
        "coordinates": [
          [
            4.9709274,
            52.3847686
          ],
          [
            4.9713145,
            52.3841643
          ],
          [
            4.9715824,
            52.3837091
          ],
          [
            4.9719307,
            52.383082
          ]
        ]
      },
      "id": "way/7040879"
    },
    {
      "type": "Feature",
      "properties": {
        "@id": "way/7040881",
        "bridge": "viaduct",
        "carriageway_ref": "Li",
        "hazmat:B": "no",
        "hazmat:C": "no",
        "hazmat:D": "yes",
        "hazmat:E": "yes",
        "highway": "motorway",
        "int_ref": "E 35",
        "lanes": "4",
        "layer": "1",
        "lit": "yes",
        "maxspeed": "100",
        "name": "Ringweg-Noord",
        "oneway": "yes",
        "operator": "Rijkswaterstaat",
        "placement": "middle_of:2",
        "ref": "A10",
        "surface": "asphalt",
        "turn:lanes": "none|none|none|slight_right"
      },
      "geometry": {
        "type": "LineString",
        "coordinates": [
          [
            4.9723293,
            52.3828047
          ],
          [
            4.9721646,
            52.3831105
          ]
        ]
      },
      "id": "way/7040881"
    },
    {
      "type": "Feature",
      "properties": {
        "@id": "way/7040882",
        "bridge": "viaduct",
        "carriageway_ref": "Re",
        "hazmat:B": "no",
        "hazmat:C": "no",
        "hazmat:D": "yes",
        "hazmat:E": "yes",
        "highway": "motorway",
        "int_ref": "E 35",
        "lanes": "3",
        "layer": "1",
        "lit": "yes",
        "maxspeed": "100",
        "name": "Ringweg-Noord",
        "oneway": "yes",
        "operator": "Rijkswaterstaat",
        "ref": "A10",
        "surface": "asphalt"
      },
      "geometry": {
        "type": "LineString",
        "coordinates": [
          [
            4.9719307,
            52.383082
          ],
          [
            4.9720959,
            52.3827692
          ]
        ]
      },
      "id": "way/7040882"
    },
    {
      "type": "Feature",
      "properties": {
        "@id": "way/7040883",
        "carriageway_ref": "Li",
        "hazmat:B": "no",
        "hazmat:C": "no",
        "hazmat:D": "yes",
        "hazmat:E": "yes",
        "highway": "motorway",
        "int_ref": "E 35",
        "lanes": "4",
        "lit": "yes",
        "maxspeed": "100",
        "name": "Ringweg-Noord",
        "oneway": "yes",
        "operator": "Rijkswaterstaat",
        "placement": "middle_of:2",
        "ref": "A10",
        "surface": "asphalt",
        "turn:lanes": "none|none|none|slight_right"
      },
      "geometry": {
        "type": "LineString",
        "coordinates": [
          [
            4.9730488,
            52.3812779
          ],
          [
            4.9729079,
            52.3815692
          ],
          [
            4.9723293,
            52.3828047
          ]
        ]
      },
      "id": "way/7040883"
    },
    {
      "type": "Feature",
      "properties": {
        "@id": "way/7040884",
        "bridge": "yes",
        "carriageway_ref": "Li",
        "hazmat:B": "no",
        "hazmat:C": "no",
        "hazmat:D": "yes",
        "hazmat:E": "yes",
        "highway": "motorway",
        "int_ref": "E 35",
        "lanes": "4",
        "layer": "1",
        "lit": "yes",
        "maxspeed": "100",
        "name": "Ringweg-Noord",
        "oneway": "yes",
        "operator": "Rijkswaterstaat",
        "ref": "A10",
        "surface": "asphalt"
      },
      "geometry": {
        "type": "LineString",
        "coordinates": [
          [
            4.9735854,
            52.3797627
          ],
          [
            4.9735007,
            52.3800363
          ]
        ]
      },
      "id": "way/7040884"
    },
    {
      "type": "Feature",
      "properties": {
        "@id": "way/7040885",
        "carriageway_ref": "Re",
        "hazmat:B": "no",
        "hazmat:C": "no",
        "hazmat:D": "yes",
        "hazmat:E": "yes",
        "highway": "motorway",
        "int_ref": "E 35",
        "lanes": "3",
        "lit": "yes",
        "maxspeed": "100",
        "name": "Ringweg-Noord",
        "oneway": "yes",
        "operator": "Rijkswaterstaat",
        "ref": "A10",
        "surface": "asphalt"
      },
      "geometry": {
        "type": "LineString",
        "coordinates": [
          [
            4.9720959,
            52.3827692
          ],
          [
            4.9726989,
            52.3815216
          ],
          [
            4.9732154,
            52.3801215
          ]
        ]
      },
      "id": "way/7040885"
    },
    {
      "type": "Feature",
      "properties": {
        "@id": "way/7041277",
        "bridge": "viaduct",
        "carriageway_ref": "Re",
        "highway": "motorway",
        "int_ref": "E 35",
        "lanes": "4",
        "layer": "1",
        "lit": "yes",
        "maxspeed": "100",
        "name": "Ringweg-Noord",
        "oneway": "yes",
        "operator": "Rijkswaterstaat",
        "ref": "A10",
        "surface": "asphalt",
        "turn:lanes": "none|none|none|slight_right"
      },
      "geometry": {
        "type": "LineString",
        "coordinates": [
          [
            4.9633207,
            52.3939943
          ],
          [
            4.9635483,
            52.3937162
          ]
        ]
      },
      "id": "way/7041277"
    },
    {
      "type": "Feature",
      "properties": {
        "@id": "way/7041278",
        "bridge": "viaduct",
        "carriageway_ref": "Li",
        "highway": "motorway",
        "int_ref": "E 35",
        "lanes": "4",
        "layer": "1",
        "lit": "yes",
        "maxspeed": "100",
        "name": "Ringweg-Noord",
        "oneway": "yes",
        "operator": "Rijkswaterstaat",
        "placement": "middle_of:2",
        "ref": "A10",
        "surface": "asphalt",
        "turn:lanes": "none|none|none|merge_to_left"
      },
      "geometry": {
        "type": "LineString",
        "coordinates": [
          [
            4.9637659,
            52.393776
          ],
          [
            4.9635332,
            52.3940525
          ]
        ]
      },
      "id": "way/7041278"
    },
    {
      "type": "Feature",
      "properties": {
        "@id": "way/7041279",
        "carriageway_ref": "Re",
        "highway": "motorway",
        "int_ref": "E 35",
        "lanes": "3",
        "lit": "yes",
        "maxspeed": "100",
        "name": "Ringweg-Noord",
        "oneway": "yes",
        "operator": "Rijkswaterstaat",
        "ref": "A10",
        "surface": "asphalt"
      },
      "geometry": {
        "type": "LineString",
        "coordinates": [
          [
            4.9552028,
            52.4008277
          ],
          [
            4.9557943,
            52.4004784
          ],
          [
            4.9567443,
            52.399839
          ],
          [
            4.9581514,
            52.3988591
          ],
          [
            4.9590503,
            52.3981765
          ],
          [
            4.9599478,
            52.3974348
          ],
          [
            4.9605968,
            52.3968563
          ],
          [
            4.9612406,
            52.3962511
          ],
          [
            4.9622001,
            52.3952724
          ],
          [
            4.9626828,
            52.3947236
          ]
        ]
      },
      "id": "way/7041279"
    },
    {
      "type": "Feature",
      "properties": {
        "@id": "way/7041280",
        "bridge": "yes",
        "carriageway_ref": "Re",
        "highway": "motorway",
        "int_ref": "E 35",
        "lanes": "3",
        "layer": "1",
        "lit": "yes",
        "maxspeed": "100",
        "name": "Ringweg-Noord",
        "oneway": "yes",
        "operator": "Rijkswaterstaat",
        "ref": "A10",
        "surface": "asphalt"
      },
      "geometry": {
        "type": "LineString",
        "coordinates": [
          [
            4.9546577,
            52.4011475
          ],
          [
            4.9552028,
            52.4008277
          ]
        ]
      },
      "id": "way/7041280"
    },
    {
      "type": "Feature",
      "properties": {
        "@id": "way/7041282",
        "carriageway_ref": "Li",
        "highway": "motorway",
        "int_ref": "E 35",
        "lanes": "3",
        "lit": "yes",
        "maxspeed": "100",
        "name": "Ringweg-Noord",
        "oneway": "yes",
        "operator": "Rijkswaterstaat",
        "ref": "A10",
        "surface": "asphalt"
      },
      "geometry": {
        "type": "LineString",
        "coordinates": [
          [
            4.9627622,
            52.3949368
          ],
          [
            4.9623834,
            52.3953558
          ],
          [
            4.9613974,
            52.3963629
          ],
          [
            4.9607761,
            52.3969432
          ],
          [
            4.9601292,
            52.3975132
          ],
          [
            4.9592072,
            52.3982762
          ],
          [
            4.9583167,
            52.3989515
          ],
          [
            4.9569172,
            52.3999351
          ],
          [
            4.9559523,
            52.4005551
          ],
          [
            4.9553152,
            52.4009336
          ]
        ]
      },
      "id": "way/7041282"
    },
    {
      "type": "Feature",
      "properties": {
        "@id": "way/7041285",
        "bridge": "yes",
        "carriageway_ref": "Li",
        "highway": "motorway",
        "int_ref": "E 35",
        "lanes": "3",
        "layer": "1",
        "lit": "yes",
        "maxspeed": "100",
        "name": "Ringweg-Noord",
        "oneway": "yes",
        "operator": "Rijkswaterstaat",
        "ref": "A10",
        "surface": "asphalt"
      },
      "geometry": {
        "type": "LineString",
        "coordinates": [
          [
            4.9553152,
            52.4009336
          ],
          [
            4.9547886,
            52.401258
          ]
        ]
      },
      "id": "way/7041285"
    },
    {
      "type": "Feature",
      "properties": {
        "@id": "way/7041917",
        "carriageway_ref": "Li",
        "destination": "Amsterdam-West;Purmerend;Zaanstad",
        "destination:int_ref": "E35",
        "destination:ref": "RING A10",
        "highway": "motorway",
        "int_ref": "E 35",
        "lanes": "3",
        "lit": "yes",
        "maxspeed": "100",
        "maxspeed:type": "sign",
        "name": "Ringweg-Noord",
        "oneway": "yes",
        "operator": "Rijkswaterstaat",
        "ref": "A10",
        "surface": "asphalt",
        "zone:traffic": "NL:rural"
      },
      "geometry": {
        "type": "LineString",
        "coordinates": [
          [
            4.9462925,
            52.4052674
          ],
          [
            4.945729,
            52.4054693
          ],
          [
            4.9447789,
            52.4058027
          ],
          [
            4.9442483,
            52.4059823
          ],
          [
            4.9437021,
            52.4061575
          ],
          [
            4.9430545,
            52.4063623
          ],
          [
            4.9424312,
            52.4065532
          ],
          [
            4.9414705,
            52.4068328
          ],
          [
            4.9405061,
            52.4070976
          ],
          [
            4.9396782,
            52.4073143
          ],
          [
            4.9383752,
            52.4076427
          ],
          [
            4.9377032,
            52.4078148
          ],
          [
            4.9369478,
            52.4080236
          ],
          [
            4.936435,
            52.4081747
          ],
          [
            4.9358007,
            52.4083737
          ]
        ]
      },
      "id": "way/7041917"
    },
    {
      "type": "Feature",
      "properties": {
        "@id": "way/7042478",
        "carriageway_ref": "Re",
        "highway": "motorway",
        "int_ref": "E 35",
        "lanes": "3",
        "lit": "yes",
        "maxspeed": "100",
        "name": "Ringweg-Noord",
        "oneway": "yes",
        "operator": "Rijkswaterstaat",
        "ref": "A10",
        "surface": "asphalt"
      },
      "geometry": {
        "type": "LineString",
        "coordinates": [
          [
            4.9160536,
            52.4171711
          ],
          [
            4.9168761,
            52.4168619
          ],
          [
            4.9176634,
            52.4165486
          ],
          [
            4.9191489,
            52.4159332
          ],
          [
            4.9205839,
            52.4153088
          ],
          [
            4.9219638,
            52.4146825
          ],
          [
            4.9241765,
            52.4136431
          ]
        ]
      },
      "id": "way/7042478"
    },
    {
      "type": "Feature",
      "properties": {
        "@id": "way/7042479",
        "bridge": "yes",
        "carriageway_ref": "Li",
        "highway": "motorway",
        "int_ref": "E 35",
        "lanes": "3",
        "layer": "1",
        "lit": "yes",
        "maxspeed": "100",
        "name": "Ringweg-Noord",
        "oneway": "yes",
        "operator": "Rijkswaterstaat",
        "ref": "A10",
        "surface": "asphalt"
      },
      "geometry": {
        "type": "LineString",
        "coordinates": [
          [
            4.9244879,
            52.4137042
          ],
          [
            4.9243429,
            52.4137734
          ]
        ]
      },
      "id": "way/7042479"
    },
    {
      "type": "Feature",
      "properties": {
        "@id": "way/7042480",
        "bridge": "yes",
        "carriageway_ref": "Re",
        "highway": "motorway",
        "int_ref": "E 35",
        "lanes": "3",
        "layer": "1",
        "lit": "yes",
        "maxspeed": "100",
        "name": "Ringweg-Noord",
        "oneway": "yes",
        "operator": "Rijkswaterstaat",
        "ref": "A10",
        "surface": "asphalt"
      },
      "geometry": {
        "type": "LineString",
        "coordinates": [
          [
            4.9241765,
            52.4136431
          ],
          [
            4.9243285,
            52.4135691
          ]
        ]
      },
      "id": "way/7042480"
    },
    {
      "type": "Feature",
      "properties": {
        "@id": "way/7042482",
        "carriageway_ref": "Li",
        "highway": "motorway",
        "int_ref": "E 35",
        "lanes": "3",
        "lit": "yes",
        "maxspeed": "100",
        "name": "Ringweg-Noord",
        "oneway": "yes",
        "operator": "Rijkswaterstaat",
        "ref": "A10",
        "surface": "asphalt"
      },
      "geometry": {
        "type": "LineString",
        "coordinates": [
          [
            4.929114,
            52.411406
          ],
          [
            4.9272043,
            52.4123607
          ],
          [
            4.9244879,
            52.4137042
          ]
        ]
      },
      "id": "way/7042482"
    },
    {
      "type": "Feature",
      "properties": {
        "@id": "way/7042483",
        "carriageway_ref": "Re",
        "highway": "motorway",
        "int_ref": "E 35",
        "lanes": "4",
        "lit": "yes",
        "maxspeed": "100",
        "name": "Ringweg-Noord",
        "oneway": "yes",
        "operator": "Rijkswaterstaat",
        "ref": "A10",
        "surface": "asphalt",
        "turn:lanes": "none|none|none|slight_right"
      },
      "geometry": {
        "type": "LineString",
        "coordinates": [
          [
            4.9253774,
            52.4130721
          ],
          [
            4.9270403,
            52.412238
          ],
          [
            4.9289516,
            52.4112647
          ]
        ]
      },
      "id": "way/7042483"
    },
    {
      "type": "Feature",
      "properties": {
        "@id": "way/7042484",
        "bridge": "yes",
        "carriageway_ref": "Li",
        "highway": "motorway",
        "int_ref": "E 35",
        "lanes": "3",
        "layer": "1",
        "lit": "yes",
        "maxspeed": "100",
        "name": "Ringweg-Noord",
        "oneway": "yes",
        "operator": "Rijkswaterstaat",
        "ref": "A10",
        "surface": "asphalt"
      },
      "geometry": {
        "type": "LineString",
        "coordinates": [
          [
            4.9303697,
            52.4107359
          ],
          [
            4.929114,
            52.411406
          ]
        ]
      },
      "id": "way/7042484"
    },
    {
      "type": "Feature",
      "properties": {
        "@id": "way/7042485",
        "bridge": "yes",
        "carriageway_ref": "Re",
        "highway": "motorway",
        "int_ref": "E 35",
        "lanes": "4",
        "layer": "1",
        "lit": "yes",
        "maxspeed": "100",
        "name": "Ringweg-Noord",
        "oneway": "yes",
        "operator": "Rijkswaterstaat",
        "ref": "A10",
        "surface": "asphalt",
        "turn:lanes": "none|none|none|slight_right"
      },
      "geometry": {
        "type": "LineString",
        "coordinates": [
          [
            4.9289516,
            52.4112647
          ],
          [
            4.9302293,
            52.4106163
          ]
        ]
      },
      "id": "way/7042485"
    },
    {
      "type": "Feature",
      "properties": {
        "@id": "way/7042487",
        "carriageway_ref": "Re",
        "highway": "motorway",
        "int_ref": "E 35",
        "lanes": "4",
        "lit": "yes",
        "maxspeed": "100",
        "name": "Ringweg-Noord",
        "oneway": "yes",
        "operator": "Rijkswaterstaat",
        "ref": "A10",
        "surface": "asphalt",
        "turn:lanes": "none|none|none|slight_right"
      },
      "geometry": {
        "type": "LineString",
        "coordinates": [
          [
            4.9302293,
            52.4106163
          ],
          [
            4.9308658,
            52.4102845
          ]
        ]
      },
      "id": "way/7042487"
    },
    {
      "type": "Feature",
      "properties": {
        "@id": "way/7042488",
        "carriageway_ref": "Re",
        "highway": "motorway",
        "int_ref": "E 35",
        "lanes": "3",
        "lit": "yes",
        "maxspeed": "100",
        "maxspeed:type": "sign",
        "name": "Ringweg-Noord",
        "oneway": "yes",
        "operator": "Rijkswaterstaat",
        "ref": "A10",
        "surface": "asphalt",
        "zone:traffic": "NL:rural"
      },
      "geometry": {
        "type": "LineString",
        "coordinates": [
          [
            4.9319456,
            52.4097558
          ],
          [
            4.9327629,
            52.4093755
          ],
          [
            4.9331863,
            52.4091912
          ],
          [
            4.9336231,
            52.4090105
          ],
          [
            4.9340368,
            52.4088457
          ],
          [
            4.9347781,
            52.4085675
          ],
          [
            4.9355522,
            52.4082983
          ],
          [
            4.9362089,
            52.4080886
          ],
          [
            4.9368699,
            52.4078958
          ],
          [
            4.9382634,
            52.4075203
          ],
          [
            4.9394948,
            52.4072117
          ],
          [
            4.9399481,
            52.4070945
          ],
          [
            4.9404342,
            52.4069684
          ],
          [
            4.9413939,
            52.406703
          ],
          [
            4.9423533,
            52.4064226
          ],
          [
            4.9430096,
            52.4062223
          ],
          [
            4.9436653,
            52.4060182
          ],
          [
            4.9446656,
            52.4056852
          ],
          [
            4.9455811,
            52.4053591
          ]
        ]
      },
      "id": "way/7042488"
    },
    {
      "type": "Feature",
      "properties": {
        "@id": "way/7042490",
        "carriageway_ref": "Li",
        "highway": "motorway",
        "int_ref": "E 35",
        "lanes": "4",
        "lit": "yes",
        "maxspeed": "100",
        "maxspeed:type": "sign",
        "name": "Ringweg-Noord",
        "oneway": "yes",
        "operator": "Rijkswaterstaat",
        "placement": "middle_of:2",
        "ref": "A10",
        "surface": "asphalt",
        "turn:lanes": "none|none|none|merge_to_left",
        "zone:traffic": "NL:rural"
      },
      "geometry": {
        "type": "LineString",
        "coordinates": [
          [
            4.9358007,
            52.4083737
          ],
          [
            4.9353543,
            52.408523
          ],
          [
            4.9349108,
            52.4086788
          ],
          [
            4.9341604,
            52.408961
          ],
          [
            4.9337471,
            52.4091242
          ],
          [
            4.9331385,
            52.4093788
          ],
          [
            4.9325485,
            52.4096443
          ],
          [
            4.9321432,
            52.4098342
          ],
          [
            4.9317515,
            52.4100248
          ],
          [
            4.9310707,
            52.4103709
          ]
        ]
      },
      "id": "way/7042490"
    },
    {
      "type": "Feature",
      "properties": {
        "@id": "way/7042507",
        "carriageway_ref": "Li",
        "highway": "motorway",
        "int_ref": "E 35",
        "lanes": "3",
        "lit": "yes",
        "maxspeed": "100",
        "name": "Ringweg-Noord",
        "oneway": "yes",
        "operator": "Rijkswaterstaat",
        "ref": "A10",
        "surface": "asphalt"
      },
      "geometry": {
        "type": "LineString",
        "coordinates": [
          [
            4.9243429,
            52.4137734
          ],
          [
            4.9221323,
            52.4148048
          ],
          [
            4.9207435,
            52.4154377
          ],
          [
            4.9192892,
            52.4160781
          ],
          [
            4.9178173,
            52.4166857
          ],
          [
            4.9163707,
            52.4172395
          ],
          [
            4.9145949,
            52.4178629
          ]
        ]
      },
      "id": "way/7042507"
    },
    {
      "type": "Feature",
      "properties": {
        "@id": "way/7043830",
        "carriageway_ref": "Li",
        "highway": "motorway",
        "int_ref": "E 35",
        "lanes": "4",
        "lit": "yes",
        "maxspeed": "100",
        "name": "Ringweg-Oost",
        "oneway": "yes",
        "operator": "Rijkswaterstaat",
        "ref": "A10",
        "surface": "asphalt"
      },
      "geometry": {
        "type": "LineString",
        "coordinates": [
          [
            4.9525495,
            52.3405664
          ],
          [
            4.9531034,
            52.3409846
          ],
          [
            4.9535208,
            52.3413358
          ],
          [
            4.9539455,
            52.3417586
          ],
          [
            4.9544472,
            52.3422732
          ],
          [
            4.9550209,
            52.3429103
          ]
        ]
      },
      "id": "way/7043830"
    },
    {
      "type": "Feature",
      "properties": {
        "@id": "way/7044052",
        "carriageway_ref": "Li",
        "highway": "motorway",
        "int_ref": "E 35",
        "lanes": "3",
        "layer": "-1",
        "lit": "yes",
        "maxspeed": "100",
        "name": "Ringweg-Oost",
        "oneway": "yes",
        "operator": "Rijkswaterstaat",
        "ref": "A10",
        "surface": "asphalt",
        "tunnel": "yes",
        "tunnel:name": "Watergraafsmeer"
      },
      "geometry": {
        "type": "LineString",
        "coordinates": [
          [
            4.9599732,
            52.3479627
          ],
          [
            4.9608108,
            52.348803
          ]
        ]
      },
      "id": "way/7044052"
    },
    {
      "type": "Feature",
      "properties": {
        "@id": "way/7044053",
        "carriageway_ref": "Li",
        "highway": "motorway",
        "int_ref": "E 35",
        "lanes": "3",
        "lit": "yes",
        "maxspeed": "100",
        "name": "Ringweg-Oost",
        "oneway": "yes",
        "operator": "Rijkswaterstaat",
        "ref": "A10",
        "surface": "asphalt"
      },
      "geometry": {
        "type": "LineString",
        "coordinates": [
          [
            4.9608108,
            52.348803
          ],
          [
            4.9616104,
            52.3496167
          ],
          [
            4.9621561,
            52.3502331
          ],
          [
            4.9628778,
            52.3511221
          ],
          [
            4.9632277,
            52.3515751
          ],
          [
            4.9637016,
            52.3522337
          ]
        ]
      },
      "id": "way/7044053"
    },
    {
      "type": "Feature",
      "properties": {
        "@id": "way/7044058",
        "carriageway_ref": "Re",
        "highway": "motorway",
        "int_ref": "E 35",
        "lanes": "3",
        "layer": "-1",
        "lit": "yes",
        "maxspeed": "100",
        "name": "Ringweg-Oost",
        "oneway": "yes",
        "operator": "Rijkswaterstaat",
        "ref": "A10",
        "surface": "asphalt",
        "tunnel": "yes",
        "tunnel:name": "Watergraafsmeer"
      },
      "geometry": {
        "type": "LineString",
        "coordinates": [
          [
            4.960618,
            52.348885
          ],
          [
            4.9597845,
            52.3480409
          ]
        ]
      },
      "id": "way/7044058"
    },
    {
      "type": "Feature",
      "properties": {
        "@id": "way/7044070",
        "carriageway_ref": "Re",
        "highway": "motorway",
        "int_ref": "E 35",
        "lanes": "3",
        "lit": "yes",
        "maxspeed": "100",
        "name": "Ringweg-Oost",
        "oneway": "yes",
        "operator": "Rijkswaterstaat",
        "ref": "A10",
        "surface": "asphalt"
      },
      "geometry": {
        "type": "LineString",
        "coordinates": [
          [
            4.9634553,
            52.3522398
          ],
          [
            4.9626912,
            52.3511725
          ],
          [
            4.9619675,
            52.3503132
          ],
          [
            4.9614012,
            52.3496876
          ],
          [
            4.960618,
            52.348885
          ]
        ]
      },
      "id": "way/7044070"
    },
    {
      "type": "Feature",
      "properties": {
        "@id": "way/7044073",
        "carriageway_ref": "Li",
        "highway": "motorway",
        "int_ref": "E 35",
        "lanes": "5",
        "lit": "yes",
        "maxspeed": "100",
        "name": "Ringweg-Oost",
        "oneway": "yes",
        "operator": "Rijkswaterstaat",
        "ref": "A10",
        "surface": "asphalt"
      },
      "geometry": {
        "type": "LineString",
        "coordinates": [
          [
            4.9550209,
            52.3429103
          ],
          [
            4.9555055,
            52.3434048
          ]
        ]
      },
      "id": "way/7044073"
    },
    {
      "type": "Feature",
      "properties": {
        "@id": "way/7044075",
        "carriageway_ref": "Li",
        "destination": "RING-Noord;Purmerend;Zaanstad",
        "destination:int_ref": "E35",
        "destination:ref": "RING A10",
        "highway": "motorway",
        "int_ref": "E 35",
        "lanes": "3",
        "lit": "yes",
        "maxspeed": "100",
        "maxspeed:type": "sign",
        "name": "Ringweg-Oost",
        "oneway": "yes",
        "operator": "Rijkswaterstaat",
        "ref": "A10",
        "surface": "asphalt",
        "zone:traffic": "NL:rural"
      },
      "geometry": {
        "type": "LineString",
        "coordinates": [
          [
            4.9588772,
            52.3469157
          ],
          [
            4.9591336,
            52.3471739
          ],
          [
            4.9599732,
            52.3479627
          ]
        ]
      },
      "id": "way/7044075"
    },
    {
      "type": "Feature",
      "properties": {
        "@id": "way/7044096",
        "carriageway_ref": "Re",
        "highway": "motorway",
        "int_ref": "E 35",
        "lanes": "4",
        "lit": "yes",
        "maxspeed": "100",
        "name": "Ringweg-Oost",
        "oneway": "yes",
        "operator": "Rijkswaterstaat",
        "ref": "A10",
        "surface": "asphalt"
      },
      "geometry": {
        "type": "LineString",
        "coordinates": [
          [
            4.9517949,
            52.3403063
          ],
          [
            4.9509959,
            52.3398416
          ],
          [
            4.9502717,
            52.3394849
          ],
          [
            4.9496739,
            52.3392211
          ],
          [
            4.9492716,
            52.3390675
          ],
          [
            4.9488719,
            52.3389241
          ],
          [
            4.9484301,
            52.3387768
          ],
          [
            4.9481228,
            52.3386825
          ]
        ]
      },
      "id": "way/7044096"
    },
    {
      "type": "Feature",
      "properties": {
        "@id": "way/7044098",
        "carriageway_ref": "Li",
        "destination": "Zaanstad;Hengelo;Groningen",
        "destination:int_ref": "E35",
        "destination:ref": "RING A10",
        "highway": "motorway",
        "int_ref": "E 35",
        "lanes": "4",
        "lit": "yes",
        "maxspeed": "100",
        "name": "Ringweg-Oost",
        "oneway": "yes",
        "operator": "Rijkswaterstaat",
        "ref": "A10",
        "smoothness": "excellent",
        "surface": "asphalt",
        "width": "14.5"
      },
      "geometry": {
        "type": "LineString",
        "coordinates": [
          [
            4.948151,
            52.3384966
          ],
          [
            4.9488023,
            52.3387095
          ],
          [
            4.9491179,
            52.3388222
          ],
          [
            4.949412,
            52.3389322
          ],
          [
            4.95011,
            52.3392118
          ],
          [
            4.9506844,
            52.3394728
          ],
          [
            4.9512299,
            52.3397465
          ],
          [
            4.9520019,
            52.3401998
          ]
        ]
      },
      "id": "way/7044098"
    },
    {
      "type": "Feature",
      "properties": {
        "@id": "way/7044400",
        "bridge": "yes",
        "carriageway_ref": "Li",
        "highway": "motorway",
        "int_ref": "E 35",
        "lanes": "4",
        "layer": "1",
        "lit": "yes",
        "maxspeed": "100",
        "name": "Ringweg-Oost",
        "oneway": "yes",
        "operator": "Rijkswaterstaat",
        "ref": "A10",
        "surface": "asphalt"
      },
      "geometry": {
        "type": "LineString",
        "coordinates": [
          [
            4.9520019,
            52.3401998
          ],
          [
            4.9525495,
            52.3405664
          ]
        ]
      },
      "id": "way/7044400"
    },
    {
      "type": "Feature",
      "properties": {
        "@id": "way/7044421",
        "carriageway_ref": "Li",
        "destination": "Zaanstad;Hengelo;Groningen",
        "destination:int_ref": "E35",
        "destination:ref": "RING A10",
        "highway": "motorway",
        "int_ref": "E 35",
        "lane_markings": "yes",
        "lanes": "4",
        "lit": "yes",
        "maxspeed": "100",
        "name": "Ringweg-Oost",
        "oneway": "yes",
        "operator": "Rijkswaterstaat",
        "ref": "A10",
        "shoulder": "right",
        "smoothness": "excellent",
        "surface": "asphalt",
        "width": "15"
      },
      "geometry": {
        "type": "LineString",
        "coordinates": [
          [
            4.9374629,
            52.3352867
          ],
          [
            4.9379372,
            52.3354712
          ],
          [
            4.9383178,
            52.3356279
          ],
          [
            4.9396527,
            52.336182
          ],
          [
            4.9404698,
            52.3364948
          ]
        ]
      },
      "id": "way/7044421"
    },
    {
      "type": "Feature",
      "properties": {
        "@id": "way/7044782",
        "bridge": "yes",
        "carriageway_ref": "Li",
        "highway": "motorway",
        "int_ref": "E 35",
        "lanes": "5",
        "layer": "2",
        "lit": "yes",
        "maxspeed": "100",
        "name": "Ringweg-Oost",
        "oneway": "yes",
        "operator": "Rijkswaterstaat",
        "placement": "left_of:3",
        "ref": "A10",
        "smoothness": "excellent",
        "surface": "asphalt",
        "turn:lanes": "none|none|none|none|slight_right",
        "width": "18.5"
      },
      "geometry": {
        "type": "LineString",
        "coordinates": [
          [
            4.942714,
            52.3371793
          ],
          [
            4.9430983,
            52.3372746
          ],
          [
            4.9433945,
            52.3373442
          ]
        ]
      },
      "id": "way/7044782"
    },
    {
      "type": "Feature",
      "properties": {
        "@id": "way/7044784",
        "bridge": "yes",
        "carriageway_ref": "Re",
        "highway": "motorway",
        "int_ref": "E 35",
        "lanes": "5",
        "layer": "2",
        "lit": "yes",
        "maxspeed": "100",
        "name": "Ringweg-Oost",
        "oneway": "yes",
        "operator": "Rijkswaterstaat",
        "placement": "right_of:2",
        "ref": "A10",
        "shoulder": "no",
        "smoothness": "excellent",
        "surface": "asphalt",
        "turn:lanes": "none|none|none|none|slight_right",
        "width": "19"
      },
      "geometry": {
        "type": "LineString",
        "coordinates": [
          [
            4.9431599,
            52.3374684
          ],
          [
            4.9430604,
            52.3374436
          ]
        ]
      },
      "id": "way/7044784"
    },
    {
      "type": "Feature",
      "properties": {
        "@id": "way/7044785",
        "carriageway_ref": "Li",
        "highway": "motorway",
        "int_ref": "E 35",
        "lanes": "5",
        "lit": "yes",
        "maxspeed": "100",
        "name": "Ringweg-Oost",
        "oneway": "yes",
        "operator": "Rijkswaterstaat",
        "placement": "left_of:3",
        "ref": "A10",
        "smoothness": "excellent",
        "surface": "asphalt",
        "turn:lanes": "none|none|none|none|slight_right",
        "width": "19"
      },
      "geometry": {
        "type": "LineString",
        "coordinates": [
          [
            4.9433945,
            52.3373442
          ],
          [
            4.9435414,
            52.3373772
          ],
          [
            4.9442821,
            52.3375403
          ],
          [
            4.9450529,
            52.3377059
          ],
          [
            4.9456219,
            52.3378375
          ],
          [
            4.9464156,
            52.338033
          ],
          [
            4.9469818,
            52.3381747
          ],
          [
            4.947523,
            52.3383198
          ],
          [
            4.9478455,
            52.3384087
          ],
          [
            4.948151,
            52.3384966
          ]
        ]
      },
      "id": "way/7044785"
    },
    {
      "type": "Feature",
      "properties": {
        "@id": "way/7044787",
        "bridge": "yes",
        "carriageway_ref": "Li",
        "highway": "motorway",
        "int_ref": "E 35",
        "lanes": "4",
        "layer": "2",
        "lit": "yes",
        "maxspeed": "100",
        "name": "Ringweg-Oost",
        "oneway": "yes",
        "operator": "Rijkswaterstaat",
        "ref": "A10",
        "shoulder": "no",
        "smoothness": "excellent",
        "surface": "asphalt",
        "width": "15"
      },
      "geometry": {
        "type": "LineString",
        "coordinates": [
          [
            4.9404698,
            52.3364948
          ],
          [
            4.9407122,
            52.3365814
          ],
          [
            4.9409528,
            52.3366616
          ],
          [
            4.9415587,
            52.3368588
          ],
          [
            4.942129,
            52.3370263
          ],
          [
            4.9424241,
            52.337105
          ],
          [
            4.942714,
            52.3371793
          ]
        ]
      },
      "id": "way/7044787"
    },
    {
      "type": "Feature",
      "properties": {
        "@id": "way/7045317",
        "carriageway_ref": "Re",
        "destination": "RING-Oost;Rotterdam;Schiphol;Utrecht",
        "destination:int_ref": "E 35",
        "destination:ref": "RING A10",
        "highway": "motorway",
        "int_ref": "E 35",
        "lanes": "3",
        "lit": "yes",
        "maxspeed": "100",
        "name": "Ringweg-Oost",
        "oneway": "yes",
        "operator": "Rijkswaterstaat",
        "ref": "A10",
        "surface": "asphalt"
      },
      "geometry": {
        "type": "LineString",
        "coordinates": [
          [
            4.9639498,
            52.3530038
          ],
          [
            4.9636164,
            52.3524733
          ]
        ]
      },
      "id": "way/7045317"
    },
    {
      "type": "Feature",
      "properties": {
        "@id": "way/7045318",
        "bridge": "yes",
        "carriageway_ref": "Li",
        "highway": "motorway",
        "int_ref": "E 35",
        "lanes": "3",
        "layer": "1",
        "lit": "yes",
        "maxspeed": "100",
        "name": "Ringweg-Oost",
        "oneway": "yes",
        "operator": "Rijkswaterstaat",
        "ref": "A10",
        "surface": "asphalt"
      },
      "geometry": {
        "type": "LineString",
        "coordinates": [
          [
            4.9637016,
            52.3522337
          ],
          [
            4.9638583,
            52.3524684
          ]
        ]
      },
      "id": "way/7045318"
    },
    {
      "type": "Feature",
      "properties": {
        "@id": "way/7045322",
        "carriageway_ref": "Li",
        "highway": "motorway",
        "int_ref": "E 35",
        "lanes": "3",
        "lit": "yes",
        "maxspeed": "100",
        "name": "Ringweg-Oost",
        "oneway": "yes",
        "operator": "Rijkswaterstaat",
        "ref": "A10",
        "surface": "asphalt"
      },
      "geometry": {
        "type": "LineString",
        "coordinates": [
          [
            4.9638583,
            52.3524684
          ],
          [
            4.9644897,
            52.3533579
          ],
          [
            4.9651144,
            52.3544141
          ]
        ]
      },
      "id": "way/7045322"
    },
    {
      "type": "Feature",
      "properties": {
        "@id": "way/7045329",
        "carriageway_ref": "Li",
        "highway": "motorway",
        "int_ref": "E 35",
        "lanes": "5",
        "lit": "yes",
        "maxspeed": "100",
        "name": "Ringweg-Noord",
        "oneway": "yes",
        "operator": "Rijkswaterstaat",
        "ref": "A10",
        "surface": "asphalt"
      },
      "geometry": {
        "type": "LineString",
        "coordinates": [
          [
            4.9651144,
            52.3544141
          ],
          [
            4.9654168,
            52.3549246
          ]
        ]
      },
      "id": "way/7045329"
    },
    {
      "type": "Feature",
      "properties": {
        "@id": "way/7045330",
        "carriageway_ref": "Re",
        "highway": "motorway",
        "int_ref": "E 35",
        "lanes": "5",
        "lit": "yes",
        "maxspeed": "100",
        "name": "Ringweg-Noord",
        "oneway": "yes",
        "operator": "Rijkswaterstaat",
        "ref": "A10",
        "surface": "asphalt",
        "turn:lanes": "none|none|none|none|slight_right"
      },
      "geometry": {
        "type": "LineString",
        "coordinates": [
          [
            4.9655643,
            52.3557205
          ],
          [
            4.9646949,
            52.3542633
          ]
        ]
      },
      "id": "way/7045330"
    },
    {
      "type": "Feature",
      "properties": {
        "@id": "way/7045334",
        "bridge": "yes",
        "carriageway_ref": "Li",
        "highway": "motorway",
        "int_ref": "E 35",
        "lanes": "4",
        "layer": "1",
        "lit": "yes",
        "maxspeed": "100",
        "name": "Ringweg-Noord",
        "oneway": "yes",
        "operator": "Rijkswaterstaat",
        "ref": "A10",
        "surface": "asphalt",
        "turn:lanes": "none|none|none|slight_right"
      },
      "geometry": {
        "type": "LineString",
        "coordinates": [
          [
            4.965817,
            52.3556658
          ],
          [
            4.9686241,
            52.3605927
          ],
          [
            4.9701148,
            52.3632604
          ]
        ]
      },
      "id": "way/7045334"
    },
    {
      "type": "Feature",
      "properties": {
        "@id": "way/7046905",
        "carriageway_ref": "Re",
        "highway": "motorway",
        "int_ref": "E 35",
        "lanes": "5",
        "lit": "yes",
        "maxspeed": "100",
        "name": "Ringweg-Oost",
        "oneway": "yes",
        "operator": "Rijkswaterstaat",
        "placement": "right_of:2",
        "ref": "A10",
        "shoulder": "right",
        "smoothness": "excellent",
        "surface": "asphalt",
        "turn:lanes": "none|none|none|none|merge_to_left",
        "width": "19"
      },
      "geometry": {
        "type": "LineString",
        "coordinates": [
          [
            4.9374902,
            52.3354952
          ],
          [
            4.9363859,
            52.3350802
          ]
        ]
      },
      "id": "way/7046905"
    },
    {
      "type": "Feature",
      "properties": {
        "@id": "way/7046916",
        "carriageway_ref": "Li",
        "destination": "Zaanstad;Hengelo;Groningen",
        "destination:int_ref": "E35",
        "destination:ref": "RING A10",
        "highway": "motorway",
        "int_ref": "E 35",
        "lanes": "4",
        "lit": "yes",
        "maxheight:signed": "no",
        "maxspeed": "100",
        "name": "Ringweg-Oost",
        "oneway": "yes",
        "operator": "Rijkswaterstaat",
        "ref": "A10",
        "surface": "asphalt",
        "width": "10.5"
      },
      "geometry": {
        "type": "LineString",
        "coordinates": [
          [
            4.9266603,
            52.3315372
          ],
          [
            4.9307528,
            52.3329408
          ]
        ]
      },
      "id": "way/7046916"
    },
    {
      "type": "Feature",
      "properties": {
        "@id": "way/7046927",
        "carriageway_ref": "Re",
        "highway": "motorway",
        "int_ref": "E 35",
        "lanes": "4",
        "lit": "yes",
        "maxspeed": "100",
        "name": "Ringweg-Oost",
        "oneway": "yes",
        "operator": "Rijkswaterstaat",
        "ref": "A10",
        "shoulder": "right",
        "smoothness": "excellent",
        "surface": "asphalt",
        "width": "15"
      },
      "geometry": {
        "type": "LineString",
        "coordinates": [
          [
            4.9401262,
            52.3365565
          ],
          [
            4.9395474,
            52.3363296
          ],
          [
            4.9390646,
            52.3361335
          ],
          [
            4.9385764,
            52.335932
          ],
          [
            4.938273,
            52.33581
          ]
        ]
      },
      "id": "way/7046927"
    },
    {
      "type": "Feature",
      "properties": {
        "@id": "way/7046931",
        "bridge": "yes",
        "carriageway_ref": "Re",
        "highway": "motorway",
        "int_ref": "E 35",
        "lanes": "4",
        "layer": "2",
        "lit": "yes",
        "maxspeed": "100",
        "name": "Ringweg-Oost",
        "oneway": "yes",
        "operator": "Rijkswaterstaat",
        "ref": "A10",
        "shoulder": "no",
        "smoothness": "excellent",
        "surface": "asphalt",
        "width": "15"
      },
      "geometry": {
        "type": "LineString",
        "coordinates": [
          [
            4.9430604,
            52.3374436
          ],
          [
            4.9425383,
            52.3373144
          ],
          [
            4.94216,
            52.3372153
          ],
          [
            4.9417535,
            52.3370984
          ],
          [
            4.9413615,
            52.3369821
          ],
          [
            4.9408641,
            52.336821
          ],
          [
            4.9404882,
            52.3366908
          ],
          [
            4.9401262,
            52.3365565
          ]
        ]
      },
      "id": "way/7046931"
    },
    {
      "type": "Feature",
      "properties": {
        "@id": "way/7047732",
        "bridge": "yes",
        "carriageway_ref": "Re",
        "highway": "motorway",
        "int_ref": "E 19",
        "lanes": "3",
        "layer": "1",
        "lit": "yes",
        "maxspeed": "100",
        "name": "Ringweg-Zuid",
        "oneway": "yes",
        "operator": "Rijkswaterstaat",
        "ref": "A10",
        "surface": "asphalt"
      },
      "geometry": {
        "type": "LineString",
        "coordinates": [
          [
            4.9170248,
            52.3287275
          ],
          [
            4.9166022,
            52.3286572
          ],
          [
            4.9161523,
            52.3286035
          ]
        ]
      },
      "id": "way/7047732"
    },
    {
      "type": "Feature",
      "properties": {
        "@id": "way/7047734",
        "bridge": "yes",
        "carriageway_ref": "Li",
        "highway": "motorway",
        "int_ref": "E 19",
        "lanes": "4",
        "layer": "1",
        "lit": "yes",
        "maxspeed": "100",
        "name": "Ringweg-Zuid",
        "oneway": "yes",
        "operator": "Rijkswaterstaat",
        "placement": "middle_of:2",
        "ref": "A10",
        "surface": "asphalt",
        "turn:lanes": "none|none|none|merge_to_left"
      },
      "geometry": {
        "type": "LineString",
        "coordinates": [
          [
            4.9147919,
            52.328352
          ],
          [
            4.9152025,
            52.3283741
          ]
        ]
      },
      "id": "way/7047734"
    },
    {
      "type": "Feature",
      "properties": {
        "@id": "way/7047881",
        "carriageway_ref": "Re",
        "destination": "Rotterdam;Schiphol",
        "destination:int_ref": "E19",
        "destination:ref": "RING A10",
        "destination:symbol": "none;none;airport",
        "highway": "motorway",
        "int_ref": "E 19",
        "lanes": "4",
        "lit": "yes",
        "maxspeed": "100",
        "name": "Ringweg-Zuid",
        "oneway": "yes",
        "operator": "Rijkswaterstaat",
        "ref": "A10",
        "surface": "asphalt"
      },
      "geometry": {
        "type": "LineString",
        "coordinates": [
          [
            4.9212733,
            52.3298733
          ],
          [
            4.9200223,
            52.3294781
          ]
        ]
      },
      "id": "way/7047881"
    },
    {
      "type": "Feature",
      "properties": {
        "@id": "way/7047884",
        "carriageway_ref": "Re",
        "highway": "motorway",
        "int_ref": "E 35",
        "lanes": "5",
        "lit": "yes",
        "maxspeed": "100",
        "name": "Ringweg-Oost",
        "oneway": "yes",
        "operator": "Rijkswaterstaat",
        "placement": "right_of:2",
        "ref": "A10",
        "surface": "asphalt",
        "turn:lanes": "none|none|none|none|slight_right"
      },
      "geometry": {
        "type": "LineString",
        "coordinates": [
          [
            4.9243763,
            52.330934
          ],
          [
            4.9230704,
            52.3304913
          ]
        ]
      },
      "id": "way/7047884"
    },
    {
      "type": "Feature",
      "properties": {
        "@id": "way/7047885",
        "bridge": "yes",
        "carriageway_ref": "Li",
        "highway": "motorway",
        "int_ref": "E 35",
        "lanes": "5",
        "layer": "1",
        "lit": "yes",
        "maxspeed": "100",
        "name": "Ringweg-Oost",
        "oneway": "yes",
        "operator": "Rijkswaterstaat",
        "placement": "right_of:2",
        "ref": "A10",
        "surface": "asphalt",
        "turn:lanes": "none|none|none|none|slight_right"
      },
      "geometry": {
        "type": "LineString",
        "coordinates": [
          [
            4.9244989,
            52.3307977
          ],
          [
            4.9255389,
            52.3311571
          ]
        ]
      },
      "id": "way/7047885"
    },
    {
      "type": "Feature",
      "properties": {
        "@id": "way/7047886",
        "bridge": "yes",
        "carriageway_ref": "Re",
        "highway": "motorway",
        "int_ref": "E 35",
        "lanes": "5",
        "layer": "1",
        "lit": "yes",
        "maxspeed": "100",
        "name": "Ringweg-Oost",
        "oneway": "yes",
        "operator": "Rijkswaterstaat",
        "placement": "right_of:2",
        "ref": "A10",
        "surface": "asphalt",
        "turn:lanes": "none|none|none|none|slight_right"
      },
      "geometry": {
        "type": "LineString",
        "coordinates": [
          [
            4.9254129,
            52.3312923
          ],
          [
            4.9243763,
            52.330934
          ]
        ]
      },
      "id": "way/7047886"
    },
    {
      "type": "Feature",
      "properties": {
        "@id": "way/7047887",
        "carriageway_ref": "Li",
        "highway": "motorway",
        "int_ref": "E 35",
        "lanes": "5",
        "lit": "yes",
        "maxspeed": "100",
        "name": "Ringweg-Oost",
        "oneway": "yes",
        "operator": "Rijkswaterstaat",
        "placement": "right_of:2",
        "ref": "A10",
        "surface": "asphalt",
        "turn:lanes": "none|none|none|none|slight_right"
      },
      "geometry": {
        "type": "LineString",
        "coordinates": [
          [
            4.9255389,
            52.3311571
          ],
          [
            4.9266603,
            52.3315372
          ]
        ]
      },
      "id": "way/7047887"
    },
    {
      "type": "Feature",
      "properties": {
        "@id": "way/7047889",
        "carriageway_ref": "Li",
        "highway": "motorway",
        "int_ref": "E 19",
        "lanes": "4",
        "lit": "yes",
        "maxspeed": "100",
        "name": "Ringweg-Zuid",
        "oneway": "yes",
        "operator": "Rijkswaterstaat",
        "placement": "middle_of:2",
        "ref": "A10",
        "surface": "asphalt",
        "turn:lanes": "none|none|none|merge_to_left"
      },
      "geometry": {
        "type": "LineString",
        "coordinates": [
          [
            4.9152025,
            52.3283741
          ],
          [
            4.9162694,
            52.3284781
          ]
        ]
      },
      "id": "way/7047889"
    },
    {
      "type": "Feature",
      "properties": {
        "@id": "way/7047895",
        "carriageway_ref": "Li",
        "highway": "motorway",
        "int_ref": "E 19",
        "lanes": "3",
        "lit": "yes",
        "maxspeed": "100",
        "name": "Ringweg-Zuid",
        "oneway": "yes",
        "operator": "Rijkswaterstaat",
        "ref": "A10",
        "surface": "asphalt"
      },
      "geometry": {
        "type": "LineString",
        "coordinates": [
          [
            4.9171427,
            52.3286012
          ],
          [
            4.9180856,
            52.3287797
          ],
          [
            4.9186309,
            52.3289074
          ],
          [
            4.9191405,
            52.3290376
          ]
        ]
      },
      "id": "way/7047895"
    },
    {
      "type": "Feature",
      "properties": {
        "@id": "way/7047896",
        "carriageway_ref": "Re",
        "highway": "motorway",
        "int_ref": "E 19",
        "lanes": "3",
        "lit": "yes",
        "maxspeed": "100",
        "name": "Ringweg-Zuid",
        "oneway": "yes",
        "operator": "Rijkswaterstaat",
        "ref": "A10",
        "surface": "asphalt"
      },
      "geometry": {
        "type": "LineString",
        "coordinates": [
          [
            4.9190188,
            52.3291704
          ],
          [
            4.917975,
            52.3289064
          ],
          [
            4.9170248,
            52.3287275
          ]
        ]
      },
      "id": "way/7047896"
    },
    {
      "type": "Feature",
      "properties": {
        "@id": "way/7047900",
        "bridge": "yes",
        "carriageway_ref": "Li",
        "highway": "motorway",
        "int_ref": "E 19",
        "lanes": "3",
        "layer": "1",
        "lit": "yes",
        "maxspeed": "100",
        "name": "Ringweg-Zuid",
        "oneway": "yes",
        "operator": "Rijkswaterstaat",
        "ref": "A10",
        "surface": "asphalt"
      },
      "geometry": {
        "type": "LineString",
        "coordinates": [
          [
            4.9191405,
            52.3290376
          ],
          [
            4.9201528,
            52.329335
          ]
        ]
      },
      "id": "way/7047900"
    },
    {
      "type": "Feature",
      "properties": {
        "@id": "way/7047901",
        "bridge": "yes",
        "carriageway_ref": "Re",
        "highway": "motorway",
        "int_ref": "E 19",
        "lanes": "3",
        "layer": "1",
        "lit": "yes",
        "maxspeed": "100",
        "name": "Ringweg-Zuid",
        "oneway": "yes",
        "operator": "Rijkswaterstaat",
        "ref": "A10",
        "surface": "asphalt"
      },
      "geometry": {
        "type": "LineString",
        "coordinates": [
          [
            4.9200223,
            52.3294781
          ],
          [
            4.9190188,
            52.3291704
          ]
        ]
      },
      "id": "way/7047901"
    },
    {
      "type": "Feature",
      "properties": {
        "@id": "way/7047902",
        "carriageway_ref": "Li",
        "highway": "motorway",
        "int_ref": "E 19",
        "lanes": "3",
        "lit": "yes",
        "maxspeed": "100",
        "name": "Ringweg-Zuid",
        "oneway": "yes",
        "operator": "Rijkswaterstaat",
        "ref": "A10",
        "surface": "asphalt"
      },
      "geometry": {
        "type": "LineString",
        "coordinates": [
          [
            4.9201528,
            52.329335
          ],
          [
            4.9207356,
            52.3295053
          ]
        ]
      },
      "id": "way/7047902"
    },
    {
      "type": "Feature",
      "properties": {
        "@id": "way/7047904",
        "carriageway_ref": "Re",
        "highway": "motorway",
        "int_ref": "E 35",
        "lanes": "4",
        "lit": "yes",
        "maxheight:signed": "no",
        "maxspeed": "100",
        "name": "Ringweg-Oost",
        "oneway": "yes",
        "operator": "Rijkswaterstaat",
        "ref": "A10",
        "surface": "asphalt"
      },
      "geometry": {
        "type": "LineString",
        "coordinates": [
          [
            4.930706,
            52.3331136
          ],
          [
            4.9267808,
            52.3317682
          ]
        ]
      },
      "id": "way/7047904"
    },
    {
      "type": "Feature",
      "properties": {
        "@id": "way/7047916",
        "carriageway_ref": "Re",
        "highway": "motorway",
        "int_ref": "E 35",
        "lanes": "5",
        "lit": "yes",
        "maxspeed": "100",
        "name": "Ringweg-Oost",
        "oneway": "yes",
        "operator": "Rijkswaterstaat",
        "placement": "right_of:2",
        "ref": "A10",
        "surface": "asphalt",
        "turn:lanes": "none|none|none|none|merge_to_left"
      },
      "geometry": {
        "type": "LineString",
        "coordinates": [
          [
            4.9267808,
            52.3317682
          ],
          [
            4.9254129,
            52.3312923
          ]
        ]
      },
      "id": "way/7047916"
    },
    {
      "type": "Feature",
      "properties": {
        "@id": "way/7368857",
        "carriageway_ref": "Li",
        "destination": "Groningen;Zaanstad;Hengelo",
        "destination:int_ref": "E35",
        "destination:ref": "RING A10",
        "highway": "motorway",
        "int_ref": "E 19",
        "lanes": "3",
        "lit": "yes",
        "maxheight:signed": "no",
        "maxspeed": "100",
        "name": "Ringweg-Zuid",
        "oneway": "yes",
        "operator": "Rijkswaterstaat",
        "ref": "A10",
        "surface": "asphalt",
        "toll": "no"
      },
      "geometry": {
        "type": "LineString",
        "coordinates": [
          [
            4.9027145,
            52.3303647
          ],
          [
            4.9031751,
            52.3301467
          ],
          [
            4.9036745,
            52.3299435
          ],
          [
            4.9044947,
            52.3296335
          ],
          [
            4.9048035,
            52.3295272
          ],
          [
            4.9051043,
            52.3294286
          ],
          [
            4.9055433,
            52.3292959
          ],
          [
            4.9060676,
            52.3291501
          ],
          [
            4.906648,
            52.3290046
          ],
          [
            4.9070885,
            52.3289169
          ],
          [
            4.9075032,
            52.3288422
          ],
          [
            4.9081803,
            52.3287392
          ],
          [
            4.908853,
            52.3286467
          ],
          [
            4.9101533,
            52.3285038
          ]
        ]
      },
      "id": "way/7368857"
    },
    {
      "type": "Feature",
      "properties": {
        "@id": "way/7368884",
        "bridge": "yes",
        "carriageway_ref": "Re",
        "highway": "motorway",
        "int_ref": "E 19",
        "lanes": "3",
        "layer": "1",
        "lit": "yes",
        "maxspeed": "100",
        "name": "Ringweg-Zuid",
        "oneway": "yes",
        "operator": "Rijkswaterstaat",
        "ref": "A10",
        "surface": "asphalt"
      },
      "geometry": {
        "type": "LineString",
        "coordinates": [
          [
            4.9136546,
            52.3284652
          ],
          [
            4.9132264,
            52.3284675
          ],
          [
            4.9127604,
            52.3284836
          ]
        ]
      },
      "id": "way/7368884"
    },
    {
      "type": "Feature",
      "properties": {
        "@id": "way/7368887",
        "carriageway_ref": "Li",
        "highway": "motorway",
        "int_ref": "E 19",
        "lanes": "3",
        "lit": "yes",
        "maxspeed": "100",
        "name": "Ringweg-Zuid",
        "oneway": "yes",
        "operator": "Rijkswaterstaat",
        "ref": "A10",
        "surface": "asphalt"
      },
      "geometry": {
        "type": "LineString",
        "coordinates": [
          [
            4.9136763,
            52.3283263
          ],
          [
            4.9139194,
            52.3283196
          ]
        ]
      },
      "id": "way/7368887"
    },
    {
      "type": "Feature",
      "properties": {
        "@id": "way/7368889",
        "bridge": "yes",
        "carriageway_ref": "Li",
        "highway": "motorway",
        "int_ref": "E 19",
        "lanes": "3",
        "layer": "1",
        "lit": "yes",
        "maxspeed": "100",
        "name": "Ringweg-Zuid",
        "oneway": "yes",
        "operator": "Rijkswaterstaat",
        "ref": "A10",
        "surface": "asphalt"
      },
      "geometry": {
        "type": "LineString",
        "coordinates": [
          [
            4.9127821,
            52.328339
          ],
          [
            4.9132736,
            52.3283257
          ],
          [
            4.9136763,
            52.3283263
          ]
        ]
      },
      "id": "way/7368889"
    },
    {
      "type": "Feature",
      "properties": {
        "@id": "way/7368902",
        "carriageway_ref": "Re",
        "embankment": "yes",
        "highway": "motorway",
        "int_ref": "E 19",
        "lanes": "5",
        "lit": "yes",
        "maxspeed": "100",
        "name": "Ringweg-Zuid",
        "oneway": "yes",
        "operator": "Rijkswaterstaat",
        "ref": "A10",
        "surface": "asphalt",
        "turn:lanes": "through|through|through|through;right|right"
      },
      "geometry": {
        "type": "LineString",
        "coordinates": [
          [
            4.9044937,
            52.3304649
          ],
          [
            4.9033098,
            52.3309445
          ],
          [
            4.9017028,
            52.3317153
          ],
          [
            4.900377,
            52.3324087
          ]
        ]
      },
      "id": "way/7368902"
    },
    {
      "type": "Feature",
      "properties": {
        "@id": "way/7368906",
        "carriageway_ref": "Re",
        "highway": "motorway",
        "int_ref": "E 19",
        "lanes": "3",
        "lit": "yes",
        "maxspeed": "100",
        "name": "Ringweg-Zuid",
        "oneway": "yes",
        "operator": "Rijkswaterstaat",
        "ref": "A10",
        "surface": "asphalt"
      },
      "geometry": {
        "type": "LineString",
        "coordinates": [
          [
            4.9103435,
            52.3287323
          ],
          [
            4.90908,
            52.32898
          ],
          [
            4.90842,
            52.32915
          ],
          [
            4.9074448,
            52.3294051
          ],
          [
            4.90649,
            52.32971
          ],
          [
            4.9058783,
            52.3299032
          ],
          [
            4.9044937,
            52.3304649
          ]
        ]
      },
      "id": "way/7368906"
    },
    {
      "type": "Feature",
      "properties": {
        "@id": "way/7368909",
        "carriageway_ref": "Li",
        "highway": "motorway",
        "int_ref": "E 19",
        "lanes": "3",
        "lit": "yes",
        "maxspeed": "100",
        "name": "Ringweg-Zuid",
        "oneway": "yes",
        "operator": "Rijkswaterstaat",
        "ref": "A10",
        "surface": "asphalt"
      },
      "geometry": {
        "type": "LineString",
        "coordinates": [
          [
            4.9106872,
            52.3284629
          ],
          [
            4.9127821,
            52.328339
          ]
        ]
      },
      "id": "way/7368909"
    },
    {
      "type": "Feature",
      "properties": {
        "@id": "way/7368911",
        "carriageway_ref": "Re",
        "highway": "motorway",
        "int_ref": "E 19",
        "lanes": "3",
        "lit": "yes",
        "maxspeed": "100",
        "name": "Ringweg-Zuid",
        "oneway": "yes",
        "operator": "Rijkswaterstaat",
        "ref": "A10",
        "surface": "asphalt"
      },
      "geometry": {
        "type": "LineString",
        "coordinates": [
          [
            4.9147893,
            52.328494
          ],
          [
            4.9136546,
            52.3284652
          ]
        ]
      },
      "id": "way/7368911"
    },
    {
      "type": "Feature",
      "properties": {
        "@id": "way/7368912",
        "bridge": "yes",
        "carriageway_ref": "Re",
        "highway": "motorway",
        "int_ref": "E 19",
        "lanes": "3",
        "layer": "1",
        "lit": "yes",
        "maxspeed": "100",
        "name": "Ringweg-Zuid",
        "oneway": "yes",
        "operator": "Rijkswaterstaat",
        "ref": "A10",
        "surface": "asphalt"
      },
      "geometry": {
        "type": "LineString",
        "coordinates": [
          [
            4.9151968,
            52.3285182
          ],
          [
            4.9147893,
            52.328494
          ]
        ]
      },
      "id": "way/7368912"
    },
    {
      "type": "Feature",
      "properties": {
        "@id": "way/7368913",
        "bridge": "yes",
        "carriageway_ref": "Li",
        "highway": "motorway",
        "int_ref": "E 19",
        "lanes": "3",
        "layer": "1",
        "lit": "yes",
        "maxspeed": "100",
        "name": "Ringweg-Zuid",
        "oneway": "yes",
        "operator": "Rijkswaterstaat",
        "ref": "A10",
        "surface": "asphalt"
      },
      "geometry": {
        "type": "LineString",
        "coordinates": [
          [
            4.9101533,
            52.3285038
          ],
          [
            4.9106872,
            52.3284629
          ]
        ]
      },
      "id": "way/7368913"
    },
    {
      "type": "Feature",
      "properties": {
        "@id": "way/7368919",
        "carriageway_ref": "Re",
        "highway": "motorway",
        "int_ref": "E 19",
        "lanes": "3",
        "lit": "yes",
        "maxspeed": "100",
        "name": "Ringweg-Zuid",
        "oneway": "yes",
        "operator": "Rijkswaterstaat",
        "ref": "A10",
        "surface": "asphalt"
      },
      "geometry": {
        "type": "LineString",
        "coordinates": [
          [
            4.9127604,
            52.3284836
          ],
          [
            4.9120915,
            52.3285256
          ],
          [
            4.9113432,
            52.3285956
          ],
          [
            4.9108664,
            52.328652
          ]
        ]
      },
      "id": "way/7368919"
    },
    {
      "type": "Feature",
      "properties": {
        "@id": "way/7368927",
        "bridge": "yes",
        "carriageway_ref": "Re",
        "highway": "motorway",
        "int_ref": "E 19",
        "lanes": "3",
        "layer": "1",
        "lit": "yes",
        "maxspeed": "100",
        "name": "Ringweg-Zuid",
        "oneway": "yes",
        "operator": "Rijkswaterstaat",
        "ref": "A10",
        "surface": "asphalt"
      },
      "geometry": {
        "type": "LineString",
        "coordinates": [
          [
            4.9108664,
            52.328652
          ],
          [
            4.9103435,
            52.3287323
          ]
        ]
      },
      "id": "way/7368927"
    },
    {
      "type": "Feature",
      "properties": {
        "@id": "way/7368971",
        "carriageway_ref": "Li",
        "highway": "motorway",
        "int_ref": "E 19",
        "lanes": "5",
        "lit": "yes",
        "maxspeed": "100",
        "maxspeed:type": "sign",
        "name": "Ringweg-Zuid",
        "oneway": "yes",
        "operator": "Rijkswaterstaat",
        "placement": "right_of:2",
        "ref": "A10",
        "surface": "asphalt",
        "survey:date": "2025-01-27",
        "toll": "no",
        "turn:lanes": "none|none|none|slight_right|slight_right",
        "zone:traffic": "NL:rural"
      },
      "geometry": {
        "type": "LineString",
        "coordinates": [
          [
            4.8999182,
            52.3317364
          ],
          [
            4.9006689,
            52.3313671
          ],
          [
            4.9016351,
            52.3308889
          ],
          [
            4.9027145,
            52.3303647
          ]
        ]
      },
      "id": "way/7368971"
    },
    {
      "type": "Feature",
      "properties": {
        "@id": "way/7370134",
        "access:lanes": "yes|yes|yes|variable",
        "bridge": "viaduct",
        "carriageway_ref": "Re",
        "highway": "motorway",
        "int_ref": "E 19",
        "lanes": "4",
        "layer": "1",
        "lit": "yes",
        "maxspeed": "100",
        "name": "Ringweg-Zuid",
        "oneway": "yes",
        "operator": "Rijkswaterstaat",
        "ref": "A10",
        "surface": "asphalt",
        "width": "10.5"
      },
      "geometry": {
        "type": "LineString",
        "coordinates": [
          [
            4.892017,
            52.3368389
          ],
          [
            4.8908107,
            52.3374788
          ]
        ]
      },
      "id": "way/7370134"
    },
    {
      "type": "Feature",
      "properties": {
        "@id": "way/7370135",
        "access:lanes": "yes|yes|yes|variable",
        "carriageway_ref": "Re",
        "destination": "Zaanstad;Rotterdam;Schiphol",
        "destination:int_ref": "E19",
        "destination:ref": "RING A10",
        "highway": "motorway",
        "int_ref": "E 19",
        "lanes": "4",
        "lit": "yes",
        "maxspeed": "100",
        "name": "Ringweg-Zuid",
        "oneway": "yes",
        "operator": "Rijkswaterstaat",
        "ref": "A10",
        "surface": "asphalt",
        "width": "10.5"
      },
      "geometry": {
        "type": "LineString",
        "coordinates": [
          [
            4.8965712,
            52.3344208
          ],
          [
            4.8963501,
            52.3345289
          ],
          [
            4.8960859,
            52.3346686
          ],
          [
            4.8955714,
            52.3349416
          ],
          [
            4.8940557,
            52.3357495
          ],
          [
            4.893047,
            52.336289
          ],
          [
            4.892017,
            52.3368389
          ]
        ]
      },
      "id": "way/7370135"
    },
    {
      "type": "Feature",
      "properties": {
        "@id": "way/7370137",
        "bridge": "viaduct",
        "carriageway_ref": "Li",
        "disused:maxspeed": "100",
        "highway": "motorway",
        "int_ref": "E 19",
        "lanes": "5",
        "layer": "1",
        "lit": "yes",
        "maxspeed": "90",
        "maxspeed:type": "sign",
        "name": "Ringweg-Zuid",
        "oneway": "yes",
        "operator": "Rijkswaterstaat",
        "placement": "right_of:2",
        "ref": "A10",
        "smoothness": "good",
        "surface": "asphalt",
        "survey:date": "2025-01-27",
        "turn:lanes": "through|through|through|through;slight_right|slight_right",
        "width": "14",
        "zone:traffic": "NL:rural"
      },
      "geometry": {
        "type": "LineString",
        "coordinates": [
          [
            4.889763,
            52.3367048
          ],
          [
            4.8910085,
            52.3360938
          ]
        ]
      },
      "id": "way/7370137"
    },
    {
      "type": "Feature",
      "properties": {
        "@id": "way/7370150",
        "access:lanes": "yes|yes|yes|variable",
        "carriageway_ref": "Re",
        "highway": "motorway",
        "int_ref": "E 19",
        "lanes": "4",
        "lit": "yes",
        "maxspeed": "100",
        "name": "Ringweg-Zuid",
        "oneway": "yes",
        "operator": "Rijkswaterstaat",
        "ref": "A10",
        "surface": "asphalt"
      },
      "geometry": {
        "type": "LineString",
        "coordinates": [
          [
            4.8889636,
            52.3383935
          ],
          [
            4.888693,
            52.3385128
          ],
          [
            4.8883926,
            52.3386254
          ],
          [
            4.8877991,
            52.3388427
          ],
          [
            4.8869154,
            52.3391042
          ],
          [
            4.8862428,
            52.339269
          ],
          [
            4.8854309,
            52.3394319
          ],
          [
            4.8849004,
            52.3395143
          ],
          [
            4.8844071,
            52.3395785
          ]
        ]
      },
      "id": "way/7370150"
    },
    {
      "type": "Feature",
      "properties": {
        "@id": "way/7370151",
        "carriageway_ref": "Li",
        "destination": "Groningen;Hengelo;Utrecht",
        "destination:int_ref": "E19",
        "destination:ref": "RING A10",
        "disused:maxspeed": "100",
        "highway": "motorway",
        "int_ref": "E 19",
        "lanes": "4",
        "lit": "yes",
        "maxspeed": "90",
        "maxspeed:type": "sign",
        "name": "Ringweg-Zuid",
        "oneway": "yes",
        "operator": "Rijkswaterstaat",
        "placement": "right_of:2",
        "ref": "A10",
        "surface": "asphalt",
        "survey:date": "2025-01-27",
        "zone:traffic": "NL:rural"
      },
      "geometry": {
        "type": "LineString",
        "coordinates": [
          [
            4.8924492,
            52.3353925
          ],
          [
            4.8950833,
            52.334103
          ],
          [
            4.8956763,
            52.3338117
          ]
        ]
      },
      "id": "way/7370151"
    },
    {
      "type": "Feature",
      "properties": {
        "@id": "way/7370159",
        "bridge": "yes",
        "carriageway_ref": "Re",
        "highway": "motorway",
        "int_ref": "E 19",
        "lanes": "5",
        "layer": "1",
        "lit": "yes",
        "maxspeed": "100",
        "name": "Ringweg-Zuid",
        "oneway": "yes",
        "operator": "Rijkswaterstaat",
        "ref": "A10",
        "surface": "asphalt",
        "turn:lanes": "through|through|through|through;right|right"
      },
      "geometry": {
        "type": "LineString",
        "coordinates": [
          [
            4.900377,
            52.3324087
          ],
          [
            4.8976889,
            52.3338386
          ]
        ]
      },
      "id": "way/7370159"
    },
    {
      "type": "Feature",
      "properties": {
        "@id": "way/7370160",
        "carriageway_ref": "Li",
        "change:lanes": "yes|yes|yes|not_right|no",
        "highway": "motorway",
        "int_ref": "E 19",
        "lanes": "5",
        "lit": "yes",
        "maxspeed": "100",
        "maxspeed:type": "sign",
        "name": "Ringweg-Zuid",
        "oneway": "yes",
        "operator": "Rijkswaterstaat",
        "placement": "right_of:2",
        "ref": "A10",
        "surface": "asphalt",
        "survey:date": "2025-01-27",
        "zone:traffic": "NL:rural"
      },
      "geometry": {
        "type": "LineString",
        "coordinates": [
          [
            4.8956763,
            52.3338117
          ],
          [
            4.8960359,
            52.3336362
          ]
        ]
      },
      "id": "way/7370160"
    },
    {
      "type": "Feature",
      "properties": {
        "@id": "way/7374106",
        "bridge": "viaduct",
        "carriageway_ref": "Li",
        "disused:maxspeed": "100",
        "highway": "motorway",
        "int_ref": "E 19",
        "lanes": "4",
        "layer": "1",
        "lit": "yes",
        "maxspeed": "90",
        "maxspeed:type": "sign",
        "name": "Ringweg-Zuid",
        "oneway": "yes",
        "operator": "Rijkswaterstaat",
        "placement": "right_of:2",
        "ref": "A10",
        "surface": "asphalt",
        "survey:date": "2025-01-27",
        "zone:traffic": "NL:rural"
      },
      "geometry": {
        "type": "LineString",
        "coordinates": [
          [
            4.8762648,
            52.3385839
          ],
          [
            4.8770801,
            52.3385853
          ]
        ]
      },
      "id": "way/7374106"
    },
    {
      "type": "Feature",
      "properties": {
        "@id": "way/7374107",
        "bridge": "yes",
        "carriageway_ref": "Re",
        "highway": "motorway",
        "int_ref": "E 19",
        "lanes": "5",
        "layer": "1",
        "lit": "yes",
        "maxspeed": "100",
        "name": "Ringweg-Zuid",
        "oneway": "yes",
        "operator": "Rijkswaterstaat",
        "placement": "right_of:2",
        "ref": "A10",
        "surface": "asphalt",
        "turn:lanes": "none|none|none|through;slight_right|slight_right",
        "zone:traffic": "NL:rural"
      },
      "geometry": {
        "type": "LineString",
        "coordinates": [
          [
            4.8772053,
            52.3395764
          ],
          [
            4.8763843,
            52.3395505
          ]
        ]
      },
      "id": "way/7374107"
    },
    {
      "type": "Feature",
      "properties": {
        "@id": "way/7374415",
        "carriageway_ref": "Re",
        "highway": "motorway",
        "int_ref": "E 19",
        "lanes": "5",
        "lit": "yes",
        "maxspeed": "100",
        "name": "Ringweg-Zuid",
        "oneway": "yes",
        "operator": "Rijkswaterstaat",
        "placement": "right_of:2",
        "ref": "A10",
        "surface": "asphalt",
        "turn:lanes": "none|none|none|through;slight_right|slight_right",
        "zone:traffic": "NL:rural"
      },
      "geometry": {
        "type": "LineString",
        "coordinates": [
          [
            4.8829537,
            52.3396867
          ],
          [
            4.8827943,
            52.3396925
          ],
          [
            4.8822052,
            52.3396972
          ],
          [
            4.8812168,
            52.339682
          ],
          [
            4.8791532,
            52.3396332
          ],
          [
            4.8772053,
            52.3395764
          ]
        ]
      },
      "id": "way/7374415"
    },
    {
      "type": "Feature",
      "properties": {
        "@id": "way/7374430",
        "carriageway_ref": "Re",
        "highway": "motorway",
        "int_ref": "E 19",
        "lanes": "5",
        "lit": "yes",
        "maxspeed": "100",
        "name": "Ringweg-Zuid",
        "oneway": "yes",
        "operator": "Rijkswaterstaat",
        "placement": "right_of:2",
        "ref": "A10",
        "surface": "asphalt",
        "turn:lanes": "none|none|none|through;slight_right|slight_right",
        "zone:traffic": "NL:rural"
      },
      "geometry": {
        "type": "LineString",
        "coordinates": [
          [
            4.8681006,
            52.339191
          ],
          [
            4.8662199,
            52.3391069
          ]
        ]
      },
      "id": "way/7374430"
    },
    {
      "type": "Feature",
      "properties": {
        "@id": "way/7374867",
        "bridge": "viaduct",
        "carriageway_ref": "Re",
        "highway": "motorway",
        "int_ref": "E 19",
        "lanes": "5",
        "layer": "1",
        "lit": "yes",
        "maxspeed": "100",
        "name": "Ringweg-Zuid",
        "oneway": "yes",
        "operator": "Rijkswaterstaat",
        "placement": "right_of:2",
        "ref": "A10",
        "surface": "asphalt",
        "turn:lanes": "none|none|none|through;slight_right|slight_right",
        "zone:traffic": "NL:rural"
      },
      "geometry": {
        "type": "LineString",
        "coordinates": [
          [
            4.8690894,
            52.3392365
          ],
          [
            4.8681006,
            52.339191
          ]
        ]
      },
      "id": "way/7374867"
    },
    {
      "type": "Feature",
      "properties": {
        "@id": "way/7374869",
        "carriageway_ref": "Re",
        "highway": "motorway",
        "int_ref": "E 19",
        "lanes": "5",
        "lit": "yes",
        "maxspeed": "100",
        "name": "Ringweg-Zuid",
        "oneway": "yes",
        "operator": "Rijkswaterstaat",
        "placement": "right_of:2",
        "ref": "A10",
        "surface": "asphalt",
        "turn:lanes": "none|none|none|through;slight_right|slight_right",
        "zone:traffic": "NL:rural"
      },
      "geometry": {
        "type": "LineString",
        "coordinates": [
          [
            4.8763843,
            52.3395505
          ],
          [
            4.8739502,
            52.339456
          ],
          [
            4.8690894,
            52.3392365
          ]
        ]
      },
      "id": "way/7374869"
    },
    {
      "type": "Feature",
      "properties": {
        "@id": "way/7374873",
        "access:lanes": "yes|yes|yes|variable",
        "carriageway_ref": "Re",
        "disused:maxspeed": "100",
        "hazard": "roadworks",
        "highway": "motorway",
        "int_ref": "E 19",
        "lanes": "4",
        "lit": "yes",
        "maxspeed": "90",
        "maxspeed:type": "sign",
        "name": "Ringweg-Zuid",
        "oneway": "yes",
        "operator": "Rijkswaterstaat",
        "placement": "right_of:2",
        "ref": "A10",
        "surface": "asphalt",
        "survey:date": "2025-01-27",
        "zone:traffic": "NL:rural"
      },
      "geometry": {
        "type": "LineString",
        "coordinates": [
          [
            4.8638949,
            52.3390007
          ],
          [
            4.8622724,
            52.3389263
          ],
          [
            4.8602744,
            52.3388313
          ]
        ]
      },
      "id": "way/7374873"
    },
    {
      "type": "Feature",
      "properties": {
        "@id": "way/7375161",
        "carriageway_ref": "Li",
        "disused:maxspeed": "100",
        "highway": "motorway",
        "int_ref": "E 19",
        "lanes": "5",
        "lit": "yes",
        "maxspeed": "90",
        "maxspeed:type": "sign",
        "name": "Ringweg-Zuid",
        "oneway": "yes",
        "operator": "Rijkswaterstaat",
        "placement": "right_of:2",
        "ref": "A10",
        "surface": "asphalt",
        "survey:date": "2025-01-27",
        "turn:lanes": "none|none|none|none|merge_to_left",
        "zone:traffic": "NL:rural"
      },
      "geometry": {
        "type": "LineString",
        "coordinates": [
          [
            4.8637401,
            52.338088
          ],
          [
            4.867527,
            52.3382606
          ]
        ]
      },
      "id": "way/7375161"
    },
    {
      "type": "Feature",
      "properties": {
        "@id": "way/7375163",
        "bridge": "yes",
        "carriageway_ref": "Li",
        "disused:maxspeed": "100",
        "highway": "motorway",
        "int_ref": "E 19",
        "lanes": "4",
        "layer": "1",
        "lit": "yes",
        "maxspeed": "90",
        "maxspeed:type": "sign",
        "name": "Ringweg-Zuid",
        "oneway": "yes",
        "operator": "Rijkswaterstaat",
        "placement": "right_of:2",
        "ref": "A10",
        "surface": "asphalt",
        "survey:date": "2025-01-27",
        "zone:traffic": "NL:rural"
      },
      "geometry": {
        "type": "LineString",
        "coordinates": [
          [
            4.8681899,
            52.3382907
          ],
          [
            4.8687725,
            52.3383119
          ],
          [
            4.8690509,
            52.3383188
          ]
        ]
      },
      "id": "way/7375163"
    },
    {
      "type": "Feature",
      "properties": {
        "@id": "way/7376541",
        "bridge": "yes",
        "carriageway_ref": "Li",
        "highway": "motorway",
        "int_ref": "E 35",
        "lanes": "4",
        "layer": "1",
        "lit": "yes",
        "maxspeed": "100",
        "name": "Ringweg-Noord",
        "oneway": "yes",
        "operator": "Rijkswaterstaat",
        "ref": "A10",
        "surface": "asphalt",
        "turn:lanes": "none|none|none|slight_right"
      },
      "geometry": {
        "type": "LineString",
        "coordinates": [
          [
            4.9144047,
            52.4179296
          ],
          [
            4.9135312,
            52.4182468
          ]
        ]
      },
      "id": "way/7376541"
    },
    {
      "type": "Feature",
      "properties": {
        "@id": "way/7376543",
        "carriageway_ref": "Re",
        "highway": "motorway",
        "int_ref": "E 35",
        "lanes": "3",
        "lit": "yes",
        "maxspeed": "100",
        "name": "Ringweg-Noord",
        "oneway": "yes",
        "operator": "Rijkswaterstaat",
        "ref": "A10",
        "surface": "asphalt"
      },
      "geometry": {
        "type": "LineString",
        "coordinates": [
          [
            4.9086004,
            52.4200973
          ],
          [
            4.9104964,
            52.4192503
          ],
          [
            4.9116838,
            52.418756
          ],
          [
            4.9129303,
            52.4182692
          ]
        ]
      },
      "id": "way/7376543"
    },
    {
      "type": "Feature",
      "properties": {
        "@id": "way/7376547",
        "carriageway_ref": "Li",
        "highway": "motorway",
        "int_ref": "E 35",
        "lanes": "3",
        "lit": "yes",
        "maxspeed": "100",
        "name": "Ringweg-Noord",
        "oneway": "yes",
        "operator": "Rijkswaterstaat",
        "ref": "A10",
        "surface": "asphalt"
      },
      "geometry": {
        "type": "LineString",
        "coordinates": [
          [
            4.9123483,
            52.4186834
          ],
          [
            4.9118057,
            52.418909
          ],
          [
            4.9106525,
            52.4193987
          ],
          [
            4.908004,
            52.4205859
          ]
        ]
      },
      "id": "way/7376547"
    },
    {
      "type": "Feature",
      "properties": {
        "@id": "way/7376548",
        "bridge": "yes",
        "carriageway_ref": "Re",
        "highway": "motorway",
        "int_ref": "E 35",
        "lanes": "4",
        "layer": "1",
        "lit": "yes",
        "maxspeed": "100",
        "name": "Ringweg-Noord",
        "oneway": "yes",
        "operator": "Rijkswaterstaat",
        "ref": "A10",
        "surface": "asphalt",
        "turn:lanes": "none|none|none|slight_right"
      },
      "geometry": {
        "type": "LineString",
        "coordinates": [
          [
            4.9075143,
            52.4206034
          ],
          [
            4.9079105,
            52.4204165
          ]
        ]
      },
      "id": "way/7376548"
    },
    {
      "type": "Feature",
      "properties": {
        "@id": "way/7376551",
        "bridge": "yes",
        "carriageway_ref": "Li",
        "highway": "motorway",
        "int_ref": "E 35",
        "lanes": "4",
        "layer": "1",
        "lit": "yes",
        "maxspeed": "100",
        "name": "Ringweg-Noord",
        "oneway": "yes",
        "operator": "Rijkswaterstaat",
        "ref": "A10",
        "surface": "asphalt"
      },
      "geometry": {
        "type": "LineString",
        "coordinates": [
          [
            4.908004,
            52.4205859
          ],
          [
            4.9076172,
            52.4207642
          ]
        ]
      },
      "id": "way/7376551"
    },
    {
      "type": "Feature",
      "properties": {
        "@id": "way/7376553",
        "carriageway_ref": "Re",
        "highway": "motorway",
        "int_ref": "E 35",
        "lanes": "4",
        "layer": "1",
        "lit": "yes",
        "maxspeed": "100",
        "name": "Ringweg-Noord",
        "oneway": "yes",
        "operator": "Rijkswaterstaat",
        "placement": "middle_of:2",
        "ref": "A10",
        "surface": "asphalt",
        "turn:lanes": "none|none|none|merge_to_left"
      },
      "geometry": {
        "type": "LineString",
        "coordinates": [
          [
            4.9129303,
            52.4182692
          ],
          [
            4.9134605,
            52.4180764
          ]
        ]
      },
      "id": "way/7376553"
    },
    {
      "type": "Feature",
      "properties": {
        "@id": "way/7376556",
        "carriageway_ref": "Re",
        "highway": "motorway",
        "int_ref": "E 35",
        "lanes": "3",
        "lit": "yes",
        "maxspeed": "100",
        "name": "Ringweg-Noord",
        "oneway": "yes",
        "operator": "Rijkswaterstaat",
        "ref": "A10",
        "surface": "asphalt"
      },
      "geometry": {
        "type": "LineString",
        "coordinates": [
          [
            4.899986,
            52.4236132
          ],
          [
            4.9008767,
            52.423351
          ],
          [
            4.9011786,
            52.4232535
          ],
          [
            4.9020478,
            52.4229764
          ],
          [
            4.9029248,
            52.4226607
          ],
          [
            4.9035328,
            52.4224183
          ],
          [
            4.9044069,
            52.4220568
          ],
          [
            4.9067055,
            52.4209839
          ]
        ]
      },
      "id": "way/7376556"
    },
    {
      "type": "Feature",
      "properties": {
        "@id": "way/7376557",
        "carriageway_ref": "Li",
        "highway": "motorway",
        "int_ref": "E 35",
        "lanes": "4",
        "lit": "yes",
        "maxspeed": "100",
        "name": "Ringweg-Noord",
        "oneway": "yes",
        "operator": "Rijkswaterstaat",
        "ref": "A10",
        "surface": "asphalt"
      },
      "geometry": {
        "type": "LineString",
        "coordinates": [
          [
            4.9076172,
            52.4207642
          ],
          [
            4.9056561,
            52.4216753
          ]
        ]
      },
      "id": "way/7376557"
    },
    {
      "type": "Feature",
      "properties": {
        "@id": "way/7376760",
        "carriageway_ref": "Li",
        "destination": "RING-West;Rotterdam;Haarlem",
        "destination:int_ref": "E 22",
        "destination:ref": "RING A10",
        "hazmat:B": "no",
        "hazmat:C": "no",
        "hazmat:D": "yes",
        "hazmat:E": "yes",
        "highway": "motorway",
        "int_ref": "E 35",
        "lanes": "2",
        "lit": "yes",
        "maxspeed": "100",
        "maxspeed:type": "sign",
        "name": "Ringweg-Noord",
        "oneway": "yes",
        "operator": "Rijkswaterstaat",
        "ref": "A10",
        "surface": "asphalt",
        "zone:traffic": "NL:rural"
      },
      "geometry": {
        "type": "LineString",
        "coordinates": [
          [
            4.8935785,
            52.4249386
          ],
          [
            4.8926286,
            52.425011
          ],
          [
            4.8916502,
            52.4250777
          ]
        ]
      },
      "id": "way/7376760"
    },
    {
      "type": "Feature",
      "properties": {
        "@id": "way/7376761",
        "carriageway_ref": "Li",
        "hazmat:B": "no",
        "hazmat:C": "no",
        "hazmat:D": "yes",
        "hazmat:E": "yes",
        "highway": "motorway",
        "int_ref": "E 35",
        "lanes": "2",
        "lit": "yes",
        "maxspeed": "100",
        "maxspeed:type": "sign",
        "name": "Ringweg-Noord",
        "oneway": "yes",
        "operator": "Rijkswaterstaat",
        "ref": "A10",
        "surface": "asphalt",
        "zone:traffic": "NL:rural"
      },
      "geometry": {
        "type": "LineString",
        "coordinates": [
          [
            4.8916502,
            52.4250777
          ],
          [
            4.8904421,
            52.4251176
          ],
          [
            4.8884038,
            52.4251186
          ]
        ]
      },
      "id": "way/7376761"
    },
    {
      "type": "Feature",
      "properties": {
        "@id": "way/7376764",
        "carriageway_ref": "Li",
        "highway": "motorway",
        "int_ref": "E 35",
        "lanes": "4",
        "lit": "yes",
        "maxspeed": "100",
        "name": "Ringweg-Noord",
        "note": "rijbaan 2 lanes, weefvak 2 lanes",
        "oneway": "yes",
        "operator": "Rijkswaterstaat",
        "ref": "A10",
        "surface": "asphalt",
        "turn:lanes": "none|none|slight_right|slight_right"
      },
      "geometry": {
        "type": "LineString",
        "coordinates": [
          [
            4.89825,
            52.4242141
          ],
          [
            4.8972376,
            52.4244291
          ],
          [
            4.8956152,
            52.4247067
          ],
          [
            4.8935785,
            52.4249386
          ]
        ]
      },
      "id": "way/7376764"
    },
    {
      "type": "Feature",
      "properties": {
        "@id": "way/7376765",
        "carriageway_ref": "Re",
        "highway": "motorway",
        "int_ref": "E 35",
        "lanes": "3",
        "lit": "yes",
        "maxspeed": "100",
        "maxspeed:type": "sign",
        "name": "Ringweg-Noord",
        "oneway": "yes",
        "operator": "Rijkswaterstaat",
        "ref": "A10",
        "surface": "asphalt",
        "zone:traffic": "NL:rural"
      },
      "geometry": {
        "type": "LineString",
        "coordinates": [
          [
            4.8885212,
            52.4249941
          ],
          [
            4.889446,
            52.4250056
          ],
          [
            4.8904449,
            52.4249974
          ],
          [
            4.8914585,
            52.4249543
          ],
          [
            4.892471,
            52.4248982
          ],
          [
            4.8931687,
            52.4248395
          ]
        ]
      },
      "id": "way/7376765"
    },
    {
      "type": "Feature",
      "properties": {
        "@id": "way/7376769",
        "carriageway_ref": "Re",
        "highway": "motorway",
        "int_ref": "E 35",
        "lanes": "4",
        "lit": "yes",
        "maxspeed": "100",
        "name": "Ringweg-Noord",
        "oneway": "yes",
        "operator": "Rijkswaterstaat",
        "placement": "middle_of:2",
        "ref": "A10",
        "surface": "asphalt",
        "turn:lanes": "none|none|none|merge_to_left"
      },
      "geometry": {
        "type": "LineString",
        "coordinates": [
          [
            4.8931687,
            52.4248395
          ],
          [
            4.8944872,
            52.4246979
          ],
          [
            4.8955341,
            52.4245619
          ],
          [
            4.896407,
            52.4244138
          ],
          [
            4.8968773,
            52.4243274
          ]
        ]
      },
      "id": "way/7376769"
    },
    {
      "type": "Feature",
      "properties": {
        "@id": "way/7376770",
        "bridge": "yes",
        "carriageway_ref": "Li",
        "highway": "motorway",
        "int_ref": "E 35",
        "lanes": "4",
        "layer": "1",
        "lit": "yes",
        "maxspeed": "100",
        "name": "Ringweg-Noord",
        "note": "rijbaan 2 lanes, weefvak 2 lanes",
        "oneway": "yes",
        "operator": "Rijkswaterstaat",
        "ref": "A10",
        "surface": "asphalt",
        "turn:lanes": "none|none|slight_right|slight_right",
        "width": "11"
      },
      "geometry": {
        "type": "LineString",
        "coordinates": [
          [
            4.899284,
            52.4239674
          ],
          [
            4.8987572,
            52.4240969
          ],
          [
            4.89825,
            52.4242141
          ]
        ]
      },
      "id": "way/7376770"
    },
    {
      "type": "Feature",
      "properties": {
        "@id": "way/7376771",
        "bridge": "yes",
        "carriageway_ref": "Re",
        "highway": "motorway",
        "int_ref": "E 35",
        "lanes": "3",
        "layer": "1",
        "lit": "yes",
        "maxspeed": "100",
        "name": "Ringweg-Noord",
        "oneway": "yes",
        "operator": "Rijkswaterstaat",
        "ref": "A10",
        "surface": "asphalt",
        "width": "8"
      },
      "geometry": {
        "type": "LineString",
        "coordinates": [
          [
            4.898236,
            52.4240526
          ],
          [
            4.8987087,
            52.4239458
          ],
          [
            4.8992702,
            52.4238058
          ]
        ]
      },
      "id": "way/7376771"
    },
    {
      "type": "Feature",
      "properties": {
        "@id": "way/7377193",
        "access:lanes": "variable|yes",
        "carriageway_ref": "Li",
        "emergency:lanes": "yes|yes",
        "hazmat:B": "no",
        "hazmat:C": "no",
        "hazmat:D": "yes",
        "hazmat:E": "yes",
        "highway": "motorway",
        "int_ref": "E 22",
        "lanes": "2",
        "layer": "-1",
        "lit": "yes",
        "maxheight": "4",
        "maxspeed": "100",
        "name": "Eerste Coentunnel",
        "name:en": "First Coen Tunnel",
        "name:nl": "Eerste Coentunnel",
        "not:name": "Ringweg-West",
        "note": "Linkerrijstrook wordt alleen geopend ter vervanging van een andere rijstrook/wisselbaan. Maximaal 8 van de 10 rijstroken in de Coentunnel zijn tegelijk open.",
        "note:url": "https://www.autoweek.nl/verkeer/waarom-is-de-linker-rijstrook-van-de-coentunnel-altijd-leeg/",
        "oneway": "yes",
        "operator": "Rijkswaterstaat",
        "ref": "A10",
        "source:name": "NWB",
        "source:not:name": "https://zoek.officielebekendmakingen.nl/gmb-2016-183326.html",
        "surface": "asphalt",
        "tunnel": "yes",
        "wikidata": "Q1106704",
        "wikipedia": "nl:Coentunnel",
        "zone:traffic": "NL:rural"
      },
      "geometry": {
        "type": "LineString",
        "coordinates": [
          [
            4.8659473,
            52.4162597
          ],
          [
            4.8609356,
            52.410962
          ]
        ]
      },
      "id": "way/7377193"
    },
    {
      "type": "Feature",
      "properties": {
        "@id": "way/7377780",
        "carriageway_ref": "Re",
        "hazmat:B": "no",
        "hazmat:C": "no",
        "hazmat:D": "yes",
        "hazmat:E": "yes",
        "highway": "motorway",
        "int_ref": "E 35",
        "lanes": "2",
        "lit": "yes",
        "maxspeed": "100",
        "maxspeed:type": "sign",
        "name": "Ringweg-Noord",
        "oneway": "yes",
        "operator": "Rijkswaterstaat",
        "ref": "A10",
        "surface": "asphalt",
        "zone:traffic": "NL:rural"
      },
      "geometry": {
        "type": "LineString",
        "coordinates": [
          [
            4.8783603,
            52.4234786
          ],
          [
            4.8788162,
            52.4236123
          ],
          [
            4.8793305,
            52.4237518
          ],
          [
            4.8799816,
            52.4239153
          ],
          [
            4.8804858,
            52.4240343
          ],
          [
            4.8809827,
            52.4241415
          ],
          [
            4.8814836,
            52.4242461
          ],
          [
            4.8818175,
            52.4243116
          ],
          [
            4.8821716,
            52.4243766
          ]
        ]
      },
      "id": "way/7377780"
    },
    {
      "type": "Feature",
      "properties": {
        "@id": "way/7377786",
        "carriageway_ref": "Li",
        "hazmat:B": "no",
        "hazmat:C": "no",
        "hazmat:D": "yes",
        "hazmat:E": "yes",
        "highway": "motorway",
        "int_ref": "E 35",
        "lanes": "3",
        "lit": "yes",
        "maxspeed": "100",
        "maxspeed:type": "sign",
        "name": "Ringweg-Noord",
        "oneway": "yes",
        "operator": "Rijkswaterstaat",
        "placement": "right_of:1",
        "ref": "A10",
        "surface": "asphalt",
        "turn:lanes": "none|none|merge_to_left",
        "zone:traffic": "NL:rural"
      },
      "geometry": {
        "type": "LineString",
        "coordinates": [
          [
            4.8781444,
            52.4235884
          ],
          [
            4.8767217,
            52.4232343
          ]
        ]
      },
      "id": "way/7377786"
    },
    {
      "type": "Feature",
      "properties": {
        "@id": "way/7377791",
        "carriageway_ref": "Re",
        "destination": "Utrecht;Amersfoort;Volendam",
        "destination:int_ref": "E 35",
        "destination:ref": "RING A10",
        "hazmat:B": "no",
        "hazmat:C": "no",
        "hazmat:D": "yes",
        "hazmat:E": "yes",
        "highway": "motorway",
        "int_ref": "E 35",
        "lanes": "2",
        "lit": "yes",
        "maxspeed": "100",
        "maxspeed:type": "sign",
        "name": "Ringweg-Noord",
        "oneway": "yes",
        "operator": "Rijkswaterstaat",
        "ref": "A10",
        "surface": "asphalt",
        "zone:traffic": "NL:rural"
      },
      "geometry": {
        "type": "LineString",
        "coordinates": [
          [
            4.8759523,
            52.4222737
          ],
          [
            4.8762666,
            52.422489
          ],
          [
            4.8767602,
            52.422777
          ],
          [
            4.8769409,
            52.42289
          ],
          [
            4.8771475,
            52.4229956
          ],
          [
            4.8773923,
            52.423109
          ],
          [
            4.8776019,
            52.4232
          ],
          [
            4.8778689,
            52.4233123
          ],
          [
            4.8781054,
            52.4233955
          ],
          [
            4.8783603,
            52.4234786
          ]
        ]
      },
      "id": "way/7377791"
    },
    {
      "type": "Feature",
      "properties": {
        "@id": "way/7377804",
        "bridge": "yes",
        "carriageway_ref": "Re",
        "hazmat:B": "no",
        "hazmat:C": "no",
        "hazmat:D": "yes",
        "hazmat:E": "yes",
        "highway": "motorway",
        "int_ref": "E 35",
        "lanes": "2",
        "layer": "1",
        "lit": "yes",
        "maxspeed": "100",
        "maxspeed:type": "sign",
        "name": "Ringweg-Noord",
        "oneway": "yes",
        "operator": "Rijkswaterstaat",
        "ref": "A10",
        "surface": "asphalt",
        "zone:traffic": "NL:rural"
      },
      "geometry": {
        "type": "LineString",
        "coordinates": [
          [
            4.8821716,
            52.4243766
          ],
          [
            4.8826068,
            52.4244526
          ],
          [
            4.8830433,
            52.4245244
          ]
        ]
      },
      "id": "way/7377804"
    },
    {
      "type": "Feature",
      "properties": {
        "@id": "way/7377807",
        "access:lanes": "yes|yes|no",
        "carriageway_ref": "Li",
        "hazmat:B": "no",
        "hazmat:C": "no",
        "hazmat:D": "yes",
        "hazmat:E": "yes",
        "highway": "motorway",
        "int_ref": "E 35",
        "lanes": "3",
        "lit": "yes",
        "maxspeed": "100",
        "maxspeed:type": "sign",
        "name": "Ringweg-Noord",
        "oneway": "yes",
        "operator": "Rijkswaterstaat",
        "placement": "right_of:1",
        "ref": "A10",
        "surface": "asphalt",
        "turn:lanes": "none|none|slight_right",
        "zone:traffic": "NL:rural"
      },
      "geometry": {
        "type": "LineString",
        "coordinates": [
          [
            4.8750353,
            52.4228229
          ],
          [
            4.874426,
            52.4226684
          ],
          [
            4.873969,
            52.4225395
          ]
        ]
      },
      "id": "way/7377807"
    },
    {
      "type": "Feature",
      "properties": {
        "@id": "way/7377809",
        "carriageway_ref": "Re",
        "hazmat:B": "no",
        "hazmat:C": "no",
        "hazmat:D": "yes",
        "hazmat:E": "yes",
        "highway": "motorway",
        "int_ref": "E 35",
        "lanes": "3",
        "lit": "yes",
        "maxspeed": "100",
        "maxspeed:type": "sign",
        "name": "Ringweg-Noord",
        "oneway": "yes",
        "operator": "Rijkswaterstaat",
        "ref": "A10",
        "surface": "asphalt",
        "turn:lanes": "none|none|slight_right",
        "zone:traffic": "NL:rural"
      },
      "geometry": {
        "type": "LineString",
        "coordinates": [
          [
            4.8743983,
            52.4215964
          ],
          [
            4.8747033,
            52.4216974
          ],
          [
            4.8750057,
            52.4218127
          ],
          [
            4.87527,
            52.4219309
          ],
          [
            4.8754444,
            52.4220158
          ],
          [
            4.8759523,
            52.4222737
          ]
        ]
      },
      "id": "way/7377809"
    },
    {
      "type": "Feature",
      "properties": {
        "@id": "way/7377811",
        "bridge": "yes",
        "carriageway_ref": "Re",
        "hazmat:B": "no",
        "hazmat:C": "no",
        "hazmat:D": "yes",
        "hazmat:E": "yes",
        "highway": "motorway",
        "int_ref": "E 35",
        "lanes": "3",
        "layer": "1",
        "lit": "yes",
        "maxspeed": "100",
        "maxspeed:type": "sign",
        "name": "Ringweg-Noord",
        "oneway": "yes",
        "operator": "Rijkswaterstaat",
        "ref": "A10",
        "surface": "asphalt",
        "turn:lanes": "none|none|slight_right",
        "zone:traffic": "NL:rural"
      },
      "geometry": {
        "type": "LineString",
        "coordinates": [
          [
            4.87396,
            52.42145
          ],
          [
            4.8743983,
            52.4215964
          ]
        ]
      },
      "id": "way/7377811"
    },
    {
      "type": "Feature",
      "properties": {
        "@id": "way/7377832",
        "access:lanes": "variable|yes",
        "carriageway_ref": "Li",
        "covered": "yes",
        "cutting": "yes",
        "emergency:lanes": "yes|yes",
        "hazmat:B": "no",
        "hazmat:C": "no",
        "hazmat:D": "yes",
        "hazmat:E": "yes",
        "highway": "motorway",
        "int_ref": "E 22",
        "lanes": "2",
        "layer": "-1",
        "lit": "yes",
        "maxheight": "4",
        "maxspeed": "100",
        "name": "Eerste Coentunnel",
        "name:en": "First Coen Tunnel",
        "name:nl": "Eerste Coentunnel",
        "not:name": "Ringweg-West",
        "note": "Linkerrijstrook wordt alleen geopend ter vervanging van een andere rijstrook/wisselbaan. Maximaal 8 van de 10 rijstroken in de Coentunnel zijn tegelijk open.",
        "note:url": "https://www.autoweek.nl/verkeer/waarom-is-de-linker-rijstrook-van-de-coentunnel-altijd-leeg/",
        "oneway": "yes",
        "operator": "Rijkswaterstaat",
        "ref": "A10",
        "source:name": "NWB",
        "source:not:name": "https://zoek.officielebekendmakingen.nl/gmb-2016-183326.html",
        "surface": "asphalt",
        "wikidata": "Q1106704",
        "wikipedia": "nl:Coentunnel",
        "zone:traffic": "NL:rural"
      },
      "geometry": {
        "type": "LineString",
        "coordinates": [
          [
            4.8669684,
            52.417339
          ],
          [
            4.8659473,
            52.4162597
          ]
        ]
      },
      "id": "way/7377832"
    },
    {
      "type": "Feature",
      "properties": {
        "@id": "way/7377833",
        "bridge": "yes",
        "carriageway_ref": "Li",
        "hazmat:B": "no",
        "hazmat:C": "no",
        "hazmat:D": "yes",
        "hazmat:E": "yes",
        "highway": "motorway",
        "int_ref": "E 35",
        "lanes": "3",
        "layer": "1",
        "lit": "yes",
        "maxspeed": "100",
        "maxspeed:type": "sign",
        "name": "Ringweg-Noord",
        "oneway": "yes",
        "operator": "Rijkswaterstaat",
        "placement": "right_of:1",
        "ref": "A10",
        "surface": "asphalt",
        "turn:lanes": "none|none|merge_to_left",
        "zone:traffic": "NL:rural"
      },
      "geometry": {
        "type": "LineString",
        "coordinates": [
          [
            4.8767217,
            52.4232343
          ],
          [
            4.8752062,
            52.4228655
          ]
        ]
      },
      "id": "way/7377833"
    },
    {
      "type": "Feature",
      "properties": {
        "@id": "way/7377848",
        "bridge": "yes",
        "carriageway_ref": "Li",
        "hazmat:B": "no",
        "hazmat:C": "no",
        "hazmat:D": "yes",
        "hazmat:E": "yes",
        "highway": "motorway",
        "int_ref": "E 35",
        "lanes": "2",
        "layer": "1",
        "lit": "yes",
        "maxspeed": "100",
        "maxspeed:type": "sign",
        "name": "Ringweg-Noord",
        "oneway": "yes",
        "operator": "Rijkswaterstaat",
        "ref": "A10",
        "surface": "asphalt",
        "zone:traffic": "NL:rural"
      },
      "geometry": {
        "type": "LineString",
        "coordinates": [
          [
            4.8830145,
            52.4246352
          ],
          [
            4.8821434,
            52.4244864
          ]
        ]
      },
      "id": "way/7377848"
    },
    {
      "type": "Feature",
      "properties": {
        "@id": "way/7377851",
        "carriageway_ref": "Re",
        "hazmat:B": "no",
        "hazmat:C": "no",
        "hazmat:D": "yes",
        "hazmat:E": "yes",
        "highway": "motorway",
        "int_ref": "E 35",
        "lanes": "2",
        "lit": "yes",
        "maxspeed": "100",
        "maxspeed:type": "sign",
        "name": "Ringweg-Noord",
        "oneway": "yes",
        "operator": "Rijkswaterstaat",
        "ref": "A10",
        "surface": "asphalt",
        "zone:traffic": "NL:rural"
      },
      "geometry": {
        "type": "LineString",
        "coordinates": [
          [
            4.8830433,
            52.4245244
          ],
          [
            4.8835033,
            52.4245945
          ],
          [
            4.8840049,
            52.4246649
          ],
          [
            4.884663,
            52.42473
          ]
        ]
      },
      "id": "way/7377851"
    },
    {
      "type": "Feature",
      "properties": {
        "@id": "way/7377853",
        "carriageway_ref": "Re",
        "highway": "motorway",
        "int_ref": "E 35",
        "lanes": "3",
        "lit": "yes",
        "maxspeed": "100",
        "maxspeed:type": "sign",
        "name": "Ringweg-Noord",
        "oneway": "yes",
        "operator": "Rijkswaterstaat",
        "ref": "A10",
        "surface": "asphalt",
        "zone:traffic": "NL:rural"
      },
      "geometry": {
        "type": "LineString",
        "coordinates": [
          [
            4.8865205,
            52.4249036
          ],
          [
            4.8870605,
            52.4249371
          ],
          [
            4.8880361,
            52.4249817
          ]
        ]
      },
      "id": "way/7377853"
    },
    {
      "type": "Feature",
      "properties": {
        "@id": "way/7377861",
        "bridge": "yes",
        "carriageway_ref": "Re",
        "highway": "motorway",
        "int_ref": "E 35",
        "lanes": "3",
        "layer": "1",
        "lit": "yes",
        "maxspeed": "100",
        "maxspeed:type": "sign",
        "name": "Ringweg-Noord",
        "oneway": "yes",
        "operator": "Rijkswaterstaat",
        "ref": "A10",
        "surface": "asphalt",
        "zone:traffic": "NL:rural"
      },
      "geometry": {
        "type": "LineString",
        "coordinates": [
          [
            4.8880361,
            52.4249817
          ],
          [
            4.8885212,
            52.4249941
          ]
        ]
      },
      "id": "way/7377861"
    },
    {
      "type": "Feature",
      "properties": {
        "@id": "way/7377863",
        "carriageway_ref": "Li",
        "hazmat:B": "no",
        "hazmat:C": "no",
        "hazmat:D": "yes",
        "hazmat:E": "yes",
        "highway": "motorway",
        "int_ref": "E 35",
        "lanes": "2",
        "lit": "yes",
        "maxspeed": "100",
        "maxspeed:type": "sign",
        "name": "Ringweg-Noord",
        "oneway": "yes",
        "operator": "Rijkswaterstaat",
        "ref": "A10",
        "surface": "asphalt",
        "zone:traffic": "NL:rural"
      },
      "geometry": {
        "type": "LineString",
        "coordinates": [
          [
            4.8879192,
            52.4251042
          ],
          [
            4.8870119,
            52.4250637
          ],
          [
            4.8861064,
            52.4250002
          ],
          [
            4.8853715,
            52.4249331
          ],
          [
            4.8848236,
            52.4248763
          ],
          [
            4.8841685,
            52.424799
          ],
          [
            4.8836515,
            52.4247311
          ],
          [
            4.8830145,
            52.4246352
          ]
        ]
      },
      "id": "way/7377863"
    },
    {
      "type": "Feature",
      "properties": {
        "@id": "way/7377864",
        "bridge": "yes",
        "carriageway_ref": "Li",
        "hazmat:B": "no",
        "hazmat:C": "no",
        "hazmat:D": "yes",
        "hazmat:E": "yes",
        "highway": "motorway",
        "int_ref": "E 35",
        "lanes": "2",
        "layer": "1",
        "lit": "yes",
        "maxspeed": "100",
        "maxspeed:type": "sign",
        "name": "Ringweg-Noord",
        "oneway": "yes",
        "operator": "Rijkswaterstaat",
        "ref": "A10",
        "surface": "asphalt",
        "zone:traffic": "NL:rural"
      },
      "geometry": {
        "type": "LineString",
        "coordinates": [
          [
            4.8884038,
            52.4251186
          ],
          [
            4.8879192,
            52.4251042
          ]
        ]
      },
      "id": "way/7377864"
    },
    {
      "type": "Feature",
      "properties": {
        "@id": "way/7379012",
        "access:lanes": "variable|variable|yes|yes",
        "carriageway_ref": "Li",
        "change:lanes": "yes|yes|not_left|yes",
        "highway": "motorway",
        "int_ref": "E 22",
        "lanes": "4",
        "lit": "yes",
        "maxspeed": "80",
        "maxspeed:type": "sign",
        "name": "Ringweg-West",
        "old_name:-2016-12-13": "Einsteinweg",
        "oneway": "yes",
        "operator": "Rijkswaterstaat",
        "placement": "middle_of:3",
        "ref": "A10",
        "source:name": "https://zoek.officielebekendmakingen.nl/gmb-2016-183326.html",
        "surface": "asphalt",
        "turn:lanes": "merge_to_right|none|none|none",
        "zone:traffic": "NL:rural"
      },
      "geometry": {
        "type": "LineString",
        "coordinates": [
          [
            4.8440449,
            52.3914208
          ],
          [
            4.8440845,
            52.3907299
          ]
        ]
      },
      "id": "way/7379012"
    },
    {
      "type": "Feature",
      "properties": {
        "@id": "way/7379014",
        "carriageway_ref": "Re",
        "highway": "motorway",
        "int_ref": "E 22",
        "lanes": "3",
        "lit": "yes",
        "maxspeed": "80",
        "maxspeed:type": "sign",
        "name": "Ringweg-West",
        "old_name:-2016-12-13": "Einsteinweg",
        "oneway": "yes",
        "operator": "Rijkswaterstaat",
        "ref": "A10",
        "source:name": "https://zoek.officielebekendmakingen.nl/gmb-2016-183326.html",
        "surface": "asphalt",
        "zone:traffic": "NL:rural"
      },
      "geometry": {
        "type": "LineString",
        "coordinates": [
          [
            4.8444153,
            52.3895755
          ],
          [
            4.8443801,
            52.3903527
          ]
        ]
      },
      "id": "way/7379014"
    },
    {
      "type": "Feature",
      "properties": {
        "@id": "way/7379188",
        "bridge": "viaduct",
        "carriageway_ref": "Li",
        "hazmat:B": "no",
        "hazmat:C": "no",
        "hazmat:D": "yes",
        "hazmat:E": "yes",
        "highway": "motorway",
        "int_ref": "E 22",
        "lanes": "3",
        "layer": "1",
        "lit": "yes",
        "maxspeed": "100",
        "name": "Ringweg-West",
        "old_name:-2016-12-13": "Einsteinweg",
        "oneway": "yes",
        "operator": "Rijkswaterstaat",
        "ref": "A10",
        "source:name": "https://zoek.officielebekendmakingen.nl/gmb-2016-183326.html",
        "surface": "asphalt"
      },
      "geometry": {
        "type": "LineString",
        "coordinates": [
          [
            4.8494304,
            52.4016054
          ],
          [
            4.8491045,
            52.4013149
          ]
        ]
      },
      "id": "way/7379188"
    },
    {
      "type": "Feature",
      "properties": {
        "@id": "way/7379198",
        "carriageway_ref": "Li",
        "highway": "motorway",
        "int_ref": "E 22",
        "lanes": "4",
        "lit": "yes",
        "maxspeed": "100",
        "maxspeed:type": "sign",
        "name": "Ringweg-West",
        "old_name:-2016-12-13": "Einsteinweg",
        "oneway": "yes",
        "operator": "Rijkswaterstaat",
        "placement": "middle_of:2",
        "ref": "A10",
        "source:name": "https://zoek.officielebekendmakingen.nl/gmb-2016-183326.html",
        "surface": "asphalt",
        "turn:lanes": "none|none|slight_right|slight_right",
        "zone:traffic": "NL:rural"
      },
      "geometry": {
        "type": "LineString",
        "coordinates": [
          [
            4.8473461,
            52.3998615
          ],
          [
            4.8460675,
            52.3987817
          ],
          [
            4.8455463,
            52.3982453
          ],
          [
            4.8451511,
            52.397776
          ],
          [
            4.8448301,
            52.3973202
          ],
          [
            4.844578,
            52.3969089
          ],
          [
            4.8443046,
            52.3963326
          ],
          [
            4.8441411,
            52.3958937
          ],
          [
            4.8440007,
            52.3953834
          ]
        ]
      },
      "id": "way/7379198"
    },
    {
      "type": "Feature",
      "properties": {
        "@id": "way/7379201",
        "access:lanes": "variable|variable|yes|yes",
        "bridge": "viaduct",
        "carriageway_ref": "Li",
        "change:lanes": "yes|yes|not_left|yes",
        "highway": "motorway",
        "int_ref": "E 22",
        "lanes": "4",
        "layer": "1",
        "lit": "yes",
        "maxspeed": "80",
        "maxspeed:type": "sign",
        "name": "Ringweg-West",
        "old_name:-2016-12-13": "Einsteinweg",
        "oneway": "yes",
        "operator": "Rijkswaterstaat",
        "placement": "middle_of:3",
        "ref": "A10",
        "source:name": "https://zoek.officielebekendmakingen.nl/gmb-2016-183326.html",
        "surface": "asphalt",
        "turn:lanes": "merge_to_right|none|none|none",
        "zone:traffic": "NL:rural"
      },
      "geometry": {
        "type": "LineString",
        "coordinates": [
          [
            4.8440054,
            52.3921965
          ],
          [
            4.8440449,
            52.3914208
          ]
        ]
      },
      "id": "way/7379201"
    },
    {
      "type": "Feature",
      "properties": {
        "@id": "way/7379202",
        "access:lanes": "variable|yes|yes|yes",
        "bridge": "viaduct",
        "carriageway_ref": "Re",
        "highway": "motorway",
        "int_ref": "E 22",
        "lanes": "4",
        "layer": "1",
        "lit": "yes",
        "maxspeed": "80",
        "maxspeed:type": "sign",
        "name": "Ringweg-West",
        "old_name:-2016-12-13": "Einsteinweg",
        "oneway": "yes",
        "operator": "Rijkswaterstaat",
        "placement": "middle_of:3",
        "ref": "A10",
        "source:name": "https://zoek.officielebekendmakingen.nl/gmb-2016-183326.html",
        "surface": "asphalt",
        "turn:lanes": "slight_left|none|none|none",
        "zone:traffic": "NL:rural"
      },
      "geometry": {
        "type": "LineString",
        "coordinates": [
          [
            4.844324,
            52.3914289
          ],
          [
            4.8442976,
            52.3919265
          ]
        ]
      },
      "id": "way/7379202"
    },
    {
      "type": "Feature",
      "properties": {
        "@id": "way/7379203",
        "carriageway_ref": "Li",
        "highway": "motorway",
        "int_ref": "E 22",
        "lanes": "2",
        "lit": "yes",
        "maxspeed": "100",
        "maxspeed:type": "sign",
        "name": "Ringweg-West",
        "old_name:-2016-12-13": "Einsteinweg",
        "oneway": "yes",
        "operator": "Rijkswaterstaat",
        "ref": "A10",
        "source:name": "https://zoek.officielebekendmakingen.nl/gmb-2016-183326.html",
        "surface": "asphalt",
        "zone:traffic": "NL:rural"
      },
      "geometry": {
        "type": "LineString",
        "coordinates": [
          [
            4.8439526,
            52.3949866
          ],
          [
            4.8439177,
            52.3946882
          ],
          [
            4.8439089,
            52.3944731
          ],
          [
            4.8438985,
            52.3939949
          ]
        ]
      },
      "id": "way/7379203"
    },
    {
      "type": "Feature",
      "properties": {
        "@id": "way/7379207",
        "carriageway_ref": "Li",
        "highway": "motorway",
        "int_ref": "E 22",
        "lanes": "3",
        "lit": "yes",
        "maxspeed": "80",
        "maxspeed:type": "sign",
        "name": "Ringweg-West",
        "note": "naamsverandering zie https://zoek.officielebekendmakingen.nl/gmb-2016-183326.html",
        "old_name:-2016-12-13": "Einsteinweg",
        "oneway": "yes",
        "operator": "Rijkswaterstaat",
        "ref": "A10",
        "source:name": "https://zoek.officielebekendmakingen.nl/gmb-2016-183326.html",
        "surface": "asphalt",
        "zone:traffic": "NL:rural"
      },
      "geometry": {
        "type": "LineString",
        "coordinates": [
          [
            4.8437956,
            52.3775201
          ],
          [
            4.8434183,
            52.3766277
          ]
        ]
      },
      "id": "way/7379207"
    },
    {
      "type": "Feature",
      "properties": {
        "@id": "way/7379208",
        "carriageway_ref": "Re",
        "change:lanes": "yes|not_right|yes|yes",
        "highway": "motorway",
        "int_ref": "E 22",
        "lanes": "4",
        "lit": "yes",
        "maxspeed": "80",
        "maxspeed:type": "sign",
        "name": "Ringweg-West",
        "note": "naamsverandering zie https://zoek.officielebekendmakingen.nl/gmb-2016-183326.html",
        "old_name:-2016-12-13": "Einsteinweg",
        "oneway": "yes",
        "operator": "Rijkswaterstaat",
        "placement": "middle_of:2",
        "ref": "A10",
        "source:name": "https://zoek.officielebekendmakingen.nl/gmb-2016-183326.html",
        "surface": "asphalt",
        "turn:lanes": "none|none|none|merge_to_left",
        "zone:traffic": "NL:rural"
      },
      "geometry": {
        "type": "LineString",
        "coordinates": [
          [
            4.8431934,
            52.3755906
          ],
          [
            4.8433851,
            52.376025
          ]
        ]
      },
      "id": "way/7379208"
    },
    {
      "type": "Feature",
      "properties": {
        "@id": "way/7379504",
        "bridge": "viaduct",
        "carriageway_ref": "Li",
        "highway": "motorway",
        "int_ref": "E 22",
        "lanes": "4",
        "layer": "1",
        "lit": "yes",
        "maxspeed": "80",
        "maxspeed:type": "sign",
        "name": "Ringweg-West",
        "old_name:-2016-12-13": "Einsteinweg",
        "oneway": "yes",
        "operator": "Rijkswaterstaat",
        "placement": "middle_of:2",
        "ref": "A10",
        "source:name": "https://zoek.officielebekendmakingen.nl/gmb-2016-183326.html",
        "surface": "asphalt",
        "turn:lanes": "none|none|none|merge_to_left",
        "zone:traffic": "NL:rural"
      },
      "geometry": {
        "type": "LineString",
        "coordinates": [
          [
            4.8445301,
            52.3794845
          ],
          [
            4.8444958,
            52.3793473
          ]
        ]
      },
      "id": "way/7379504"
    },
    {
      "type": "Feature",
      "properties": {
        "@id": "way/7379509",
        "carriageway_ref": "Re",
        "highway": "motorway",
        "int_ref": "E 22",
        "lanes": "4",
        "lit": "yes",
        "maxspeed": "80",
        "maxspeed:type": "sign",
        "name": "Ringweg-West",
        "old_name:-2016-12-13": "Einsteinweg",
        "oneway": "yes",
        "operator": "Rijkswaterstaat",
        "placement": "middle_of:2",
        "ref": "A10",
        "source:name": "https://zoek.officielebekendmakingen.nl/gmb-2016-183326.html",
        "surface": "asphalt",
        "turn:lanes": "none|none|none|slight_right",
        "zone:traffic": "NL:rural"
      },
      "geometry": {
        "type": "LineString",
        "coordinates": [
          [
            4.8448137,
            52.38259
          ],
          [
            4.8447129,
            52.3844097
          ]
        ]
      },
      "id": "way/7379509"
    },
    {
      "type": "Feature",
      "properties": {
        "@id": "way/7379516",
        "carriageway_ref": "Re",
        "embankment": "yes",
        "highway": "motorway",
        "int_ref": "E 22",
        "lanes": "4",
        "lit": "yes",
        "maxspeed": "80",
        "maxspeed:type": "sign",
        "name": "Ringweg-West",
        "old_name:-2016-12-13": "Einsteinweg",
        "oneway": "yes",
        "operator": "Rijkswaterstaat",
        "placement": "middle_of:2",
        "ref": "A10",
        "source:name": "https://zoek.officielebekendmakingen.nl/gmb-2016-183326.html",
        "surface": "asphalt",
        "turn:lanes": "none|none|none|slight_right",
        "zone:traffic": "NL:rural"
      },
      "geometry": {
        "type": "LineString",
        "coordinates": [
          [
            4.8446676,
            52.3851707
          ],
          [
            4.844626,
            52.385945
          ]
        ]
      },
      "id": "way/7379516"
    },
    {
      "type": "Feature",
      "properties": {
        "@id": "way/7379517",
        "bridge": "viaduct",
        "carriageway_ref": "Re",
        "highway": "motorway",
        "int_ref": "E 22",
        "lanes": "4",
        "layer": "1",
        "lit": "yes",
        "maxspeed": "80",
        "maxspeed:type": "sign",
        "name": "Ringweg-West",
        "old_name:-2016-12-13": "Einsteinweg",
        "oneway": "yes",
        "operator": "Rijkswaterstaat",
        "placement": "middle_of:2",
        "ref": "A10",
        "source:name": "https://zoek.officielebekendmakingen.nl/gmb-2016-183326.html",
        "surface": "asphalt",
        "turn:lanes": "none|none|none|slight_right",
        "zone:traffic": "NL:rural"
      },
      "geometry": {
        "type": "LineString",
        "coordinates": [
          [
            4.8447129,
            52.3844097
          ],
          [
            4.8446676,
            52.3851707
          ]
        ]
      },
      "id": "way/7379517"
    },
    {
      "type": "Feature",
      "properties": {
        "@id": "way/7379519",
        "bridge": "viaduct",
        "carriageway_ref": "Li",
        "highway": "motorway",
        "int_ref": "E 22",
        "lanes": "4",
        "layer": "1",
        "lit": "yes",
        "maxspeed": "80",
        "maxspeed:type": "sign",
        "name": "Ringweg-West",
        "old_name:-2016-12-13": "Einsteinweg",
        "oneway": "yes",
        "operator": "Rijkswaterstaat",
        "placement": "middle_of:2",
        "ref": "A10",
        "source:name": "https://zoek.officielebekendmakingen.nl/gmb-2016-183326.html",
        "surface": "asphalt",
        "turn:lanes": "none|none|none|slight_right",
        "zone:traffic": "NL:rural"
      },
      "geometry": {
        "type": "LineString",
        "coordinates": [
          [
            4.8444705,
            52.3851679
          ],
          [
            4.8445124,
            52.3844057
          ]
        ]
      },
      "id": "way/7379519"
    },
    {
      "type": "Feature",
      "properties": {
        "@id": "way/7379523",
        "carriageway_ref": "Re",
        "highway": "motorway",
        "int_ref": "E 22",
        "lanes": "3",
        "layer": "-1",
        "lit": "yes",
        "maxspeed": "80",
        "maxspeed:type": "sign",
        "name": "Ringweg-West",
        "old_name:-2016-12-13": "Einsteinweg",
        "oneway": "yes",
        "operator": "Rijkswaterstaat",
        "ref": "A10",
        "source:name": "https://zoek.officielebekendmakingen.nl/gmb-2016-183326.html",
        "surface": "asphalt",
        "tunnel": "yes",
        "zone:traffic": "NL:rural"
      },
      "geometry": {
        "type": "LineString",
        "coordinates": [
          [
            4.8440032,
            52.3774867
          ],
          [
            4.8443187,
            52.3782492
          ]
        ]
      },
      "id": "way/7379523"
    },
    {
      "type": "Feature",
      "properties": {
        "@id": "way/7379524",
        "carriageway_ref": "Li",
        "highway": "motorway",
        "int_ref": "E 22",
        "lanes": "3",
        "layer": "-1",
        "lit": "yes",
        "maxspeed": "80",
        "maxspeed:type": "sign",
        "name": "Ringweg-West",
        "old_name:-2016-12-13": "Einsteinweg",
        "oneway": "yes",
        "operator": "Rijkswaterstaat",
        "ref": "A10",
        "source:name": "https://zoek.officielebekendmakingen.nl/gmb-2016-183326.html",
        "surface": "asphalt",
        "tunnel": "yes",
        "zone:traffic": "NL:rural"
      },
      "geometry": {
        "type": "LineString",
        "coordinates": [
          [
            4.8441137,
            52.3782759
          ],
          [
            4.8437956,
            52.3775201
          ]
        ]
      },
      "id": "way/7379524"
    },
    {
      "type": "Feature",
      "properties": {
        "@id": "way/7379525",
        "carriageway_ref": "Li",
        "highway": "motorway",
        "int_ref": "E 22",
        "lanes": "4",
        "lit": "yes",
        "maxspeed": "80",
        "maxspeed:type": "sign",
        "name": "Ringweg-West",
        "old_name:-2016-12-13": "Einsteinweg",
        "oneway": "yes",
        "operator": "Rijkswaterstaat",
        "placement": "middle_of:2",
        "ref": "A10",
        "source:name": "https://zoek.officielebekendmakingen.nl/gmb-2016-183326.html",
        "surface": "asphalt",
        "turn:lanes": "none|none|none|slight_right",
        "zone:traffic": "NL:rural"
      },
      "geometry": {
        "type": "LineString",
        "coordinates": [
          [
            4.8445124,
            52.3844057
          ],
          [
            4.844613,
            52.3825071
          ]
        ]
      },
      "id": "way/7379525"
    },
    {
      "type": "Feature",
      "properties": {
        "@id": "way/7379528",
        "carriageway_ref": "Li",
        "destination": "Utrecht;Rotterdam;Schiphol",
        "destination:int_ref": "E22",
        "destination:ref": "RING A10",
        "highway": "motorway",
        "int_ref": "E 22",
        "lanes": "3",
        "lit": "yes",
        "maxspeed": "80",
        "maxspeed:type": "sign",
        "name": "Ringweg-West",
        "old_name:-2016-12-13": "Einsteinweg",
        "oneway": "yes",
        "operator": "Rijkswaterstaat",
        "ref": "A10",
        "source:name": "https://zoek.officielebekendmakingen.nl/gmb-2016-183326.html",
        "surface": "asphalt",
        "zone:traffic": "NL:rural"
      },
      "geometry": {
        "type": "LineString",
        "coordinates": [
          [
            4.844613,
            52.3825071
          ],
          [
            4.844702,
            52.3807133
          ],
          [
            4.8446777,
            52.3804213
          ],
          [
            4.8446606,
            52.3802989
          ],
          [
            4.8446548,
            52.3801347
          ]
        ]
      },
      "id": "way/7379528"
    },
    {
      "type": "Feature",
      "properties": {
        "@id": "way/7379530",
        "carriageway_ref": "Re",
        "highway": "motorway",
        "int_ref": "E 22",
        "lanes": "3",
        "lit": "yes",
        "maxspeed": "80",
        "maxspeed:type": "sign",
        "name": "Ringweg-West",
        "old_name:-2016-12-13": "Einsteinweg",
        "oneway": "yes",
        "operator": "Rijkswaterstaat",
        "ref": "A10",
        "source:name": "https://zoek.officielebekendmakingen.nl/gmb-2016-183326.html",
        "surface": "asphalt",
        "zone:traffic": "NL:rural"
      },
      "geometry": {
        "type": "LineString",
        "coordinates": [
          [
            4.8443187,
            52.3782492
          ],
          [
            4.8444691,
            52.3786225
          ],
          [
            4.8445864,
            52.3789505
          ]
        ]
      },
      "id": "way/7379530"
    },
    {
      "type": "Feature",
      "properties": {
        "@id": "way/7379537",
        "carriageway_ref": "Li",
        "highway": "motorway",
        "int_ref": "E 22",
        "lanes": "3",
        "lit": "yes",
        "maxspeed": "80",
        "maxspeed:type": "sign",
        "name": "Ringweg-West",
        "old_name:-2016-12-13": "Einsteinweg",
        "oneway": "yes",
        "operator": "Rijkswaterstaat",
        "ref": "A10",
        "source:name": "https://zoek.officielebekendmakingen.nl/gmb-2016-183326.html",
        "surface": "asphalt",
        "zone:traffic": "NL:rural"
      },
      "geometry": {
        "type": "LineString",
        "coordinates": [
          [
            4.844319,
            52.3787841
          ],
          [
            4.8442884,
            52.3786918
          ],
          [
            4.8441137,
            52.3782759
          ]
        ]
      },
      "id": "way/7379537"
    },
    {
      "type": "Feature",
      "properties": {
        "@id": "way/7379544",
        "carriageway_ref": "Li",
        "highway": "motorway",
        "int_ref": "E 22",
        "lanes": "4",
        "lit": "yes",
        "maxspeed": "80",
        "maxspeed:type": "sign",
        "name": "Ringweg-West",
        "old_name:-2016-12-13": "Einsteinweg",
        "oneway": "yes",
        "operator": "Rijkswaterstaat",
        "placement": "middle_of:2",
        "ref": "A10",
        "source:name": "https://zoek.officielebekendmakingen.nl/gmb-2016-183326.html",
        "surface": "asphalt",
        "turn:lanes": "none|none|none|merge_to_left",
        "zone:traffic": "NL:rural"
      },
      "geometry": {
        "type": "LineString",
        "coordinates": [
          [
            4.8446548,
            52.3801347
          ],
          [
            4.8446121,
            52.3798525
          ],
          [
            4.8445751,
            52.3796598
          ],
          [
            4.8445301,
            52.3794845
          ]
        ]
      },
      "id": "way/7379544"
    },
    {
      "type": "Feature",
      "properties": {
        "@id": "way/7379866",
        "bridge": "viaduct",
        "carriageway_ref": "Li",
        "hazmat:B": "no",
        "hazmat:C": "no",
        "hazmat:D": "yes",
        "hazmat:E": "yes",
        "highway": "motorway",
        "int_ref": "E 22",
        "lanes": "2",
        "layer": "1",
        "lit": "yes",
        "maxspeed": "100",
        "name": "Ringweg-West",
        "note": "officiele naamsverandering weg",
        "old_name:-2016-12-13": "Einsteinweg",
        "oneway": "yes",
        "operator": "Rijkswaterstaat",
        "ref": "A10",
        "source:name": "https://zoek.officielebekendmakingen.nl/gmb-2016-183326.html",
        "surface": "asphalt",
        "turn:lanes": "slight_left|none"
      },
      "geometry": {
        "type": "LineString",
        "coordinates": [
          [
            4.8556669,
            52.4064453
          ],
          [
            4.8554161,
            52.4062499
          ]
        ]
      },
      "id": "way/7379866"
    },
    {
      "type": "Feature",
      "properties": {
        "@id": "way/7381713",
        "carriageway_ref": "Li",
        "disused:maxspeed": "100",
        "highway": "motorway",
        "int_ref": "E 19",
        "lanes": "5",
        "lit": "yes",
        "maxspeed": "90",
        "maxspeed:type": "sign",
        "name": "Ringweg-Zuid",
        "oneway": "yes",
        "operator": "Rijkswaterstaat",
        "placement": "middle_of:3",
        "ref": "A10",
        "surface": "asphalt",
        "survey:date": "2025-01-27",
        "turn:lanes": "through|through|through|through;slight_right|slight_right",
        "zone:traffic": "NL:rural"
      },
      "geometry": {
        "type": "LineString",
        "coordinates": [
          [
            4.8511156,
            52.3374221
          ],
          [
            4.8514773,
            52.3374405
          ],
          [
            4.8528623,
            52.3375145
          ]
        ]
      },
      "id": "way/7381713"
    },
    {
      "type": "Feature",
      "properties": {
        "@id": "way/7381715",
        "bridge": "yes",
        "carriageway_ref": "Li",
        "disused:lanes": "6",
        "disused:maxspeed": "100",
        "disused:turn:lanes": "none|none|none|none|slight_right|slight_right",
        "highway": "motorway",
        "int_ref": "E 19",
        "lanes": "5",
        "layer": "1",
        "lit": "yes",
        "maxspeed": "90",
        "maxspeed:type": "sign",
        "name": "Ringweg-Zuid",
        "oneway": "yes",
        "operator": "Rijkswaterstaat",
        "placement": "middle_of:3",
        "ref": "A10",
        "surface": "asphalt",
        "survey:date": "2025-01-27",
        "turn:lanes": "through|through|through|through;slight_right|slight_right",
        "zone:traffic": "NL:rural"
      },
      "geometry": {
        "type": "LineString",
        "coordinates": [
          [
            4.8571198,
            52.3377399
          ],
          [
            4.8580974,
            52.3377892
          ]
        ]
      },
      "id": "way/7381715"
    },
    {
      "type": "Feature",
      "properties": {
        "@id": "way/7381722",
        "carriageway_ref": "Re",
        "disused:maxspeed": "100",
        "highway": "motorway",
        "int_ref": "E 19",
        "lanes": "5",
        "lit": "yes",
        "maxspeed": "90",
        "maxspeed:type": "sign",
        "name": "Ringweg-Zuid",
        "oneway": "yes",
        "operator": "Rijkswaterstaat",
        "placement": "middle_of:3",
        "ref": "A10",
        "surface": "asphalt",
        "survey:date": "2025-01-27",
        "turn:lanes": "none|none|none|slight_right|slight_right",
        "zone:traffic": "NL:rural"
      },
      "geometry": {
        "type": "LineString",
        "coordinates": [
          [
            4.8571115,
            52.3386883
          ],
          [
            4.8534737,
            52.3384934
          ]
        ]
      },
      "id": "way/7381722"
    },
    {
      "type": "Feature",
      "properties": {
        "@id": "way/7381723",
        "carriageway_ref": "Re",
        "disused:maxspeed": "100",
        "highway": "motorway",
        "int_ref": "E 19",
        "lanes": "5",
        "lit": "yes",
        "maxspeed": "90",
        "maxspeed:type": "sign",
        "name": "Ringweg-Zuid",
        "oneway": "yes",
        "operator": "Rijkswaterstaat",
        "placement": "middle_of:3",
        "ref": "A10",
        "surface": "asphalt",
        "survey:date": "2025-01-27",
        "turn:lanes": "none|none|none|slight_right|slight_right",
        "zone:traffic": "NL:rural"
      },
      "geometry": {
        "type": "LineString",
        "coordinates": [
          [
            4.8531919,
            52.3384772
          ],
          [
            4.8514817,
            52.3383696
          ],
          [
            4.8484561,
            52.3381498
          ],
          [
            4.8482866,
            52.3381383
          ]
        ]
      },
      "id": "way/7381723"
    },
    {
      "type": "Feature",
      "properties": {
        "@id": "way/7381737",
        "carriageway_ref": "Li",
        "destination:lanes": "Rotterdam;Den Haag;Schiphol|Rotterdam;Den Haag;Schiphol|Hengelo;Utrecht|Hengelo;Utrecht",
        "destination:ref:lanes": "A4|A4|A10|A10",
        "highway": "motorway",
        "int_ref": "E 22",
        "lanes": "4",
        "lit": "yes",
        "maxspeed": "80",
        "maxspeed:type": "sign",
        "name": "Ringweg-West",
        "old_name:-2016-12-13": "Einsteinweg",
        "oneway": "yes",
        "operator": "Rijkswaterstaat",
        "placement": "right_of:2",
        "ref": "A10",
        "source:name": "https://zoek.officielebekendmakingen.nl/gmb-2016-183326.html",
        "surface": "asphalt",
        "turn:lanes": "through|through|slight_right|slight_right;right",
        "zone:traffic": "NL:rural"
      },
      "geometry": {
        "type": "LineString",
        "coordinates": [
          [
            4.8423752,
            52.3513039
          ],
          [
            4.8423093,
            52.3510441
          ],
          [
            4.8422032,
            52.3506932
          ]
        ]
      },
      "id": "way/7381737"
    },
    {
      "type": "Feature",
      "properties": {
        "@id": "way/7381738",
        "carriageway_ref": "Re",
        "highway": "motorway",
        "int_ref": "E 22",
        "lanes": "4",
        "lit": "yes",
        "maxspeed": "80",
        "maxspeed:type": "sign",
        "name": "Ringweg-West",
        "old_name:-2016-12-13": "Einsteinweg",
        "oneway": "yes",
        "operator": "Rijkswaterstaat",
        "placement": "middle_of:2",
        "ref": "A10",
        "source:name": "https://zoek.officielebekendmakingen.nl/gmb-2016-183326.html",
        "surface": "asphalt",
        "turn:lanes": "none|none|none|slight_right",
        "zone:traffic": "NL:rural"
      },
      "geometry": {
        "type": "LineString",
        "coordinates": [
          [
            4.8422729,
            52.350229
          ],
          [
            4.8424171,
            52.3505961
          ],
          [
            4.8425086,
            52.3508652
          ],
          [
            4.8426196,
            52.3513074
          ]
        ]
      },
      "id": "way/7381738"
    },
    {
      "type": "Feature",
      "properties": {
        "@id": "way/7381745",
        "carriageway_ref": "Li",
        "change:lanes": "yes|not_right|not_left|yes|yes",
        "disused:maxspeed": "100",
        "highway": "motorway",
        "int_ref": "E 19",
        "lanes": "5",
        "lit": "yes",
        "maxspeed": "90",
        "maxspeed:type": "sign",
        "name": "Ringweg-Zuid",
        "oneway": "yes",
        "operator": "Rijkswaterstaat",
        "placement": "middle_of:3",
        "ref": "A10",
        "surface": "asphalt",
        "survey:date": "2025-01-27",
        "zone:traffic": "NL:rural"
      },
      "geometry": {
        "type": "LineString",
        "coordinates": [
          [
            4.8457092,
            52.337131
          ],
          [
            4.8462249,
            52.3371613
          ]
        ]
      },
      "id": "way/7381745"
    },
    {
      "type": "Feature",
      "properties": {
        "@id": "way/7381760",
        "bridge": "yes",
        "bridge:name": "Schinkelbrug",
        "carriageway_ref": "Re",
        "disused:maxspeed": "100",
        "highway": "motorway",
        "int_ref": "E 19",
        "lanes": "5",
        "layer": "1",
        "lit": "yes",
        "maxspeed": "90",
        "maxspeed:type": "sign",
        "name": "Ringweg-Zuid",
        "oneway": "yes",
        "operator": "Rijkswaterstaat",
        "placement": "middle_of:3",
        "ref": "A10",
        "surface": "asphalt",
        "survey:date": "2025-01-27",
        "turn:lanes": "none|none|none|slight_right|slight_right",
        "zone:traffic": "NL:rural"
      },
      "geometry": {
        "type": "LineString",
        "coordinates": [
          [
            4.8482866,
            52.3381383
          ],
          [
            4.8478398,
            52.3381047
          ],
          [
            4.8465116,
            52.33801
          ],
          [
            4.846106,
            52.3379827
          ]
        ]
      },
      "id": "way/7381760"
    },
    {
      "type": "Feature",
      "properties": {
        "@id": "way/7381767",
        "bridge": "yes",
        "carriageway_ref": "Re",
        "highway": "motorway",
        "int_ref": "E 22",
        "lanes": "4",
        "layer": "1",
        "lit": "yes",
        "maxspeed": "80",
        "maxspeed:type": "sign",
        "name": "Ringweg-West",
        "old_name:-2016-12-13": "Einsteinweg",
        "oneway": "yes",
        "operator": "Rijkswaterstaat",
        "placement": "middle_of:2",
        "ref": "A10",
        "source:name": "https://zoek.officielebekendmakingen.nl/gmb-2016-183326.html",
        "surface": "asphalt",
        "turn:lanes": "none|none|none|slight_right",
        "zone:traffic": "NL:rural"
      },
      "geometry": {
        "type": "LineString",
        "coordinates": [
          [
            4.8421406,
            52.3499244
          ],
          [
            4.8422729,
            52.350229
          ]
        ]
      },
      "id": "way/7381767"
    },
    {
      "type": "Feature",
      "properties": {
        "@id": "way/7381773",
        "bridge": "yes",
        "carriageway_ref": "Re",
        "disused:maxspeed": "100",
        "highway": "motorway",
        "int_ref": "E 19",
        "lanes": "5",
        "layer": "1",
        "lit": "yes",
        "maxspeed": "90",
        "maxspeed:type": "sign",
        "name": "Ringweg-Zuid",
        "oneway": "yes",
        "operator": "Rijkswaterstaat",
        "placement": "middle_of:3",
        "ref": "A10",
        "surface": "asphalt",
        "survey:date": "2025-01-27",
        "turn:lanes": "none|none|none|slight_right|slight_right",
        "zone:traffic": "NL:rural"
      },
      "geometry": {
        "type": "LineString",
        "coordinates": [
          [
            4.8581058,
            52.3387371
          ],
          [
            4.8571115,
            52.3386883
          ]
        ]
      },
      "id": "way/7381773"
    },
    {
      "type": "Feature",
      "properties": {
        "@id": "way/7381774",
        "carriageway_ref": "Re",
        "disused:maxspeed": "100",
        "highway": "motorway",
        "int_ref": "E 19",
        "lanes": "5",
        "lit": "yes",
        "maxspeed": "90",
        "maxspeed:type": "sign",
        "name": "Ringweg-Zuid",
        "oneway": "yes",
        "operator": "Rijkswaterstaat",
        "placement": "middle_of:3",
        "ref": "A10",
        "surface": "asphalt",
        "survey:date": "2025-01-27",
        "turn:lanes": "none|none|none|slight_right|slight_right",
        "zone:traffic": "NL:rural"
      },
      "geometry": {
        "type": "LineString",
        "coordinates": [
          [
            4.8585583,
            52.3387582
          ],
          [
            4.8581058,
            52.3387371
          ]
        ]
      },
      "id": "way/7381774"
    },
    {
      "type": "Feature",
      "properties": {
        "@id": "way/7381777",
        "bridge": "movable",
        "bridge:movable": "bascule",
        "bridge:name": "Schinkelbrug",
        "carriageway_ref": "Li",
        "change:lanes": "yes|not_right|not_left|yes|yes",
        "disused:maxspeed": "100",
        "highway": "motorway",
        "int_ref": "E 19",
        "lanes": "5",
        "layer": "1",
        "lit": "yes",
        "maxspeed": "90",
        "maxspeed:type": "sign",
        "name": "Ringweg-Zuid",
        "oneway": "yes",
        "operator": "Rijkswaterstaat",
        "placement": "middle_of:3",
        "ref": "A10",
        "surface": "asphalt",
        "survey:date": "2025-01-27",
        "zone:traffic": "NL:rural"
      },
      "geometry": {
        "type": "LineString",
        "coordinates": [
          [
            4.8462249,
            52.3371613
          ],
          [
            4.8462676,
            52.3371632
          ],
          [
            4.8465237,
            52.3371763
          ]
        ]
      },
      "id": "way/7381777"
    },
    {
      "type": "Feature",
      "properties": {
        "@id": "way/7381785",
        "carriageway_ref": "Li",
        "destination": "RING Zuid;Hengelo;Utrecht",
        "destination:int_ref": "E 19",
        "destination:ref": "RING A10",
        "highway": "motorway",
        "lanes": "2",
        "lit": "yes",
        "maxspeed": "80",
        "maxspeed:type": "sign",
        "name": "Ringweg-West",
        "old_name:-2016-12-13": "Einsteinweg",
        "oneway": "yes",
        "operator": "Rijkswaterstaat",
        "ref": "A10",
        "source:name": "https://zoek.officielebekendmakingen.nl/gmb-2016-183326.html",
        "surface": "asphalt",
        "zone:traffic": "NL:rural"
      },
      "geometry": {
        "type": "LineString",
        "coordinates": [
          [
            4.8408883,
            52.3437137
          ],
          [
            4.8408775,
            52.3434368
          ],
          [
            4.8408726,
            52.3432351
          ],
          [
            4.8408857,
            52.3424591
          ]
        ]
      },
      "id": "way/7381785"
    },
    {
      "type": "Feature",
      "properties": {
        "@id": "way/7381798",
        "carriageway_ref": "Re",
        "highway": "motorway",
        "int_ref": "E 22",
        "lanes": "3",
        "lit": "yes",
        "maxspeed": "80",
        "maxspeed:type": "sign",
        "name": "Ringweg-West",
        "old_name:-2016-12-13": "Einsteinweg",
        "oneway": "yes",
        "operator": "Rijkswaterstaat",
        "ref": "A10",
        "source:name": "https://zoek.officielebekendmakingen.nl/gmb-2016-183326.html",
        "surface": "asphalt",
        "zone:traffic": "NL:rural"
      },
      "geometry": {
        "type": "LineString",
        "coordinates": [
          [
            4.8414177,
            52.3420322
          ],
          [
            4.8413352,
            52.3427457
          ],
          [
            4.8412785,
            52.3432442
          ],
          [
            4.8412516,
            52.3434455
          ],
          [
            4.84116,
            52.3445156
          ],
          [
            4.8411125,
            52.3454469
          ],
          [
            4.841095,
            52.3460918
          ],
          [
            4.841103,
            52.3467516
          ]
        ]
      },
      "id": "way/7381798"
    },
    {
      "type": "Feature",
      "properties": {
        "@id": "way/7381804",
        "bridge": "yes",
        "carriageway_ref": "Li",
        "destination:lanes": "Rotterdam;Den Haag;Schiphol|Rotterdam;Den Haag;Schiphol|Hengelo;Utrecht|Hengelo;Utrecht|Amsterdam-Slotervaart;Amsterdam-Oud Zuid",
        "destination:ref:lanes": "A4|A4|A10|A10|S107",
        "highway": "motorway",
        "int_ref": "E 22",
        "lanes": "5",
        "layer": "1",
        "lit": "yes",
        "maxspeed": "80",
        "maxspeed:type": "sign",
        "name": "Ringweg-West",
        "old_name:-2016-12-13": "Einsteinweg",
        "oneway": "yes",
        "operator": "Rijkswaterstaat",
        "placement": "right_of:2",
        "ref": "A10",
        "source:name": "https://zoek.officielebekendmakingen.nl/gmb-2016-183326.html",
        "surface": "asphalt",
        "turn:lanes": "through|through|slight_right|slight_right|right",
        "zone:traffic": "NL:rural"
      },
      "geometry": {
        "type": "LineString",
        "coordinates": [
          [
            4.8420196,
            52.3502186
          ],
          [
            4.8418856,
            52.3499201
          ]
        ]
      },
      "id": "way/7381804"
    },
    {
      "type": "Feature",
      "properties": {
        "@id": "way/7381806",
        "carriageway_ref": "Li",
        "highway": "motorway",
        "lanes": "2",
        "lit": "yes",
        "maxspeed": "80",
        "maxspeed:type": "sign",
        "name": "Ringweg-West",
        "old_name:-2016-12-13": "Einsteinweg",
        "oneway": "yes",
        "operator": "Rijkswaterstaat",
        "ref": "A10",
        "source:name": "https://zoek.officielebekendmakingen.nl/gmb-2016-183326.html",
        "surface": "asphalt",
        "zone:traffic": "NL:rural"
      },
      "geometry": {
        "type": "LineString",
        "coordinates": [
          [
            4.8408857,
            52.3424591
          ],
          [
            4.8409119,
            52.3413326
          ],
          [
            4.8409754,
            52.3407963
          ],
          [
            4.8410835,
            52.3403506
          ],
          [
            4.8412123,
            52.339633
          ],
          [
            4.8412946,
            52.3392543
          ],
          [
            4.8414216,
            52.3388872
          ],
          [
            4.8414838,
            52.3387578
          ],
          [
            4.8416007,
            52.3385569
          ],
          [
            4.8416545,
            52.3384691
          ],
          [
            4.8417054,
            52.3383941
          ],
          [
            4.8417672,
            52.3383166
          ],
          [
            4.841845,
            52.338237
          ],
          [
            4.8419157,
            52.3381784
          ]
        ]
      },
      "id": "way/7381806"
    },
    {
      "type": "Feature",
      "properties": {
        "@id": "way/7381814",
        "bridge": "yes",
        "carriageway_ref": "Li",
        "destination:lanes": "Rotterdam;Den Haag;Schiphol|Rotterdam;Den Haag;Schiphol|Hengelo;Utrecht|Hengelo;Utrecht",
        "destination:ref:lanes": "A4|A4|A10|A10",
        "highway": "motorway",
        "int_ref": "E 22",
        "lanes": "4",
        "layer": "1",
        "lit": "yes",
        "maxspeed": "80",
        "maxspeed:type": "sign",
        "name": "Ringweg-West",
        "old_name:-2016-12-13": "Einsteinweg",
        "oneway": "yes",
        "operator": "Rijkswaterstaat",
        "placement": "right_of:2",
        "ref": "A10",
        "source:name": "https://zoek.officielebekendmakingen.nl/gmb-2016-183326.html",
        "surface": "asphalt",
        "turn:lanes": "through|through|slight_right|slight_right",
        "zone:traffic": "NL:rural"
      },
      "geometry": {
        "type": "LineString",
        "coordinates": [
          [
            4.8408879,
            52.3470764
          ],
          [
            4.840861,
            52.3467661
          ]
        ]
      },
      "id": "way/7381814"
    },
    {
      "type": "Feature",
      "properties": {
        "@id": "way/7381815",
        "bridge": "yes",
        "carriageway_ref": "Re",
        "highway": "motorway",
        "int_ref": "E 22",
        "lanes": "3",
        "layer": "1",
        "lit": "yes",
        "maxspeed": "80",
        "maxspeed:type": "sign",
        "name": "Ringweg-West",
        "old_name:-2016-12-13": "Einsteinweg",
        "oneway": "yes",
        "operator": "Rijkswaterstaat",
        "ref": "A10",
        "source:name": "https://zoek.officielebekendmakingen.nl/gmb-2016-183326.html",
        "surface": "asphalt",
        "zone:traffic": "NL:rural"
      },
      "geometry": {
        "type": "LineString",
        "coordinates": [
          [
            4.841103,
            52.3467516
          ],
          [
            4.8411269,
            52.3470698
          ]
        ]
      },
      "id": "way/7381815"
    },
    {
      "type": "Feature",
      "properties": {
        "@id": "way/7381819",
        "carriageway_ref": "Li",
        "destination:lanes": "Rotterdam;Den Haag;Schiphol|Rotterdam;Den Haag;Schiphol|Hengelo;Utrecht|Hengelo;Utrecht",
        "destination:ref:lanes": "A4|A4|A10|A10",
        "highway": "motorway",
        "int_ref": "E 22",
        "lanes": "4",
        "lit": "yes",
        "maxspeed": "80",
        "maxspeed:type": "sign",
        "name": "Ringweg-West",
        "old_name:-2016-12-13": "Einsteinweg",
        "oneway": "yes",
        "operator": "Rijkswaterstaat",
        "placement": "right_of:2",
        "ref": "A10",
        "source:name": "https://zoek.officielebekendmakingen.nl/gmb-2016-183326.html",
        "surface": "asphalt",
        "turn:lanes": "through|through|slight_right|slight_right",
        "zone:traffic": "NL:rural"
      },
      "geometry": {
        "type": "LineString",
        "coordinates": [
          [
            4.8411914,
            52.3483923
          ],
          [
            4.8411311,
            52.3482035
          ],
          [
            4.8410856,
            52.3480626
          ],
          [
            4.8410201,
            52.3478148
          ],
          [
            4.8409351,
            52.3474264
          ],
          [
            4.8408879,
            52.3470764
          ]
        ]
      },
      "id": "way/7381819"
    },
    {
      "type": "Feature",
      "properties": {
        "@id": "way/7381823",
        "carriageway_ref": "Re",
        "change:lanes": "yes|yes|not_right|no",
        "highway": "motorway",
        "int_ref": "E 22",
        "lanes": "4",
        "lit": "yes",
        "maxspeed": "80",
        "maxspeed:type": "sign",
        "name": "Ringweg-West",
        "old_name:-2016-12-13": "Einsteinweg",
        "oneway": "yes",
        "operator": "Rijkswaterstaat",
        "placement": "middle_of:2",
        "ref": "A10",
        "source:name": "https://zoek.officielebekendmakingen.nl/gmb-2016-183326.html",
        "surface": "asphalt",
        "zone:traffic": "NL:rural"
      },
      "geometry": {
        "type": "LineString",
        "coordinates": [
          [
            4.8415559,
            52.3486995
          ],
          [
            4.8417986,
            52.3492169
          ]
        ]
      },
      "id": "way/7381823"
    },
    {
      "type": "Feature",
      "properties": {
        "@id": "way/7382451",
        "carriageway_ref": "Re",
        "highway": "motorway",
        "int_ref": "E 22",
        "lanes": "4",
        "lit": "yes",
        "lit:indirect": "yes",
        "maxspeed": "80",
        "maxspeed:type": "sign",
        "name": "Ringweg-West",
        "note": "Zie https://zoek.officielebekendmakingen.nl/gmb-2016-183326.html",
        "old_name:-2016-12-13": "Einsteinweg",
        "oneway": "yes",
        "operator": "Rijkswaterstaat",
        "placement": "middle_of:2",
        "ref": "A10",
        "source:name": "https://zoek.officielebekendmakingen.nl/gmb-2016-183326.html",
        "surface": "asphalt",
        "turn:lanes": "none|none|none|slight_right",
        "zone:traffic": "NL:rural"
      },
      "geometry": {
        "type": "LineString",
        "coordinates": [
          [
            4.8424114,
            52.364358
          ],
          [
            4.8423647,
            52.3658425
          ]
        ]
      },
      "id": "way/7382451"
    },
    {
      "type": "Feature",
      "properties": {
        "@id": "way/7382452",
        "carriageway_ref": "Li",
        "change:lanes": "yes|not_right|yes|yes",
        "foot": "no",
        "highway": "motorway",
        "int_ref": "E 22",
        "lanes": "4",
        "lit": "yes",
        "lit:indirect": "yes",
        "maxspeed": "80",
        "maxspeed:type": "sign",
        "name": "Ringweg-West",
        "note": "Zie https://zoek.officielebekendmakingen.nl/gmb-2016-183326.html",
        "old_name:-2016-12-13": "Einsteinweg",
        "oneway": "yes",
        "operator": "Rijkswaterstaat",
        "placement": "middle_of:2",
        "ref": "A10",
        "source:name": "https://zoek.officielebekendmakingen.nl/gmb-2016-183326.html",
        "surface": "asphalt",
        "turn:lanes": "none|none|none|slight_right",
        "zone:traffic": "NL:rural"
      },
      "geometry": {
        "type": "LineString",
        "coordinates": [
          [
            4.8421539,
            52.3658411
          ],
          [
            4.8421662,
            52.3654347
          ]
        ]
      },
      "id": "way/7382452"
    },
    {
      "type": "Feature",
      "properties": {
        "@id": "way/7382638",
        "bridge": "yes",
        "carriageway_ref": "Li",
        "highway": "motorway",
        "int_ref": "E 22",
        "lanes": "4",
        "layer": "1",
        "lit": "yes",
        "maxspeed": "80",
        "maxspeed:type": "sign",
        "name": "Ringweg-West",
        "note": "naamsverandering zie https://zoek.officielebekendmakingen.nl/gmb-2016-183326.html",
        "old_name:-2016-12-13": "Einsteinweg",
        "oneway": "yes",
        "operator": "Rijkswaterstaat",
        "placement": "middle_of:2",
        "ref": "A10",
        "source:name": "https://zoek.officielebekendmakingen.nl/gmb-2016-183326.html",
        "surface": "asphalt",
        "turn:lanes": "none|none|none|slight_right",
        "zone:traffic": "NL:rural"
      },
      "geometry": {
        "type": "LineString",
        "coordinates": [
          [
            4.8429986,
            52.375622
          ],
          [
            4.8427992,
            52.3751398
          ]
        ]
      },
      "id": "way/7382638"
    },
    {
      "type": "Feature",
      "properties": {
        "@id": "way/7382639",
        "bridge": "yes",
        "carriageway_ref": "Re",
        "change:lanes": "yes|not_right|yes|yes",
        "highway": "motorway",
        "int_ref": "E 22",
        "lanes": "4",
        "layer": "1",
        "lit": "yes",
        "maxspeed": "80",
        "maxspeed:type": "sign",
        "name": "Ringweg-West",
        "note": "naamsverandering zie https://zoek.officielebekendmakingen.nl/gmb-2016-183326.html",
        "old_name:-2016-12-13": "Einsteinweg",
        "oneway": "yes",
        "operator": "Rijkswaterstaat",
        "placement": "middle_of:2",
        "ref": "A10",
        "source:name": "https://zoek.officielebekendmakingen.nl/gmb-2016-183326.html",
        "surface": "asphalt",
        "turn:lanes": "none|none|none|merge_to_left",
        "zone:traffic": "NL:rural"
      },
      "geometry": {
        "type": "LineString",
        "coordinates": [
          [
            4.8429969,
            52.3751101
          ],
          [
            4.8431934,
            52.3755906
          ]
        ]
      },
      "id": "way/7382639"
    },
    {
      "type": "Feature",
      "properties": {
        "@id": "way/7382642",
        "bridge": "yes",
        "carriageway_ref": "Re",
        "highway": "motorway",
        "int_ref": "E 22",
        "lanes": "3",
        "layer": "1",
        "lit": "yes",
        "maxspeed": "80",
        "maxspeed:type": "sign",
        "name": "Ringweg-West",
        "note": "naamsverandering zie https://zoek.officielebekendmakingen.nl/gmb-2016-183326.html",
        "old_name:-2016-12-13": "Einsteinweg",
        "oneway": "yes",
        "operator": "Rijkswaterstaat",
        "ref": "A10",
        "source:name": "https://zoek.officielebekendmakingen.nl/gmb-2016-183326.html",
        "surface": "asphalt",
        "zone:traffic": "NL:rural"
      },
      "geometry": {
        "type": "LineString",
        "coordinates": [
          [
            4.842269,
            52.369119
          ],
          [
            4.8422501,
            52.3697703
          ]
        ]
      },
      "id": "way/7382642"
    },
    {
      "type": "Feature",
      "properties": {
        "@id": "way/7382647",
        "bridge": "yes",
        "carriageway_ref": "Re",
        "highway": "motorway",
        "int_ref": "E 22",
        "lanes": "4",
        "layer": "1",
        "lit": "yes",
        "lit:indirect": "yes",
        "maxspeed": "80",
        "maxspeed:type": "sign",
        "name": "Ringweg-West",
        "note": "naamsverandering, zie https://zoek.officielebekendmakingen.nl/gmb-2016-183326.html",
        "old_name:-2016-12-13": "Einsteinweg",
        "oneway": "yes",
        "operator": "Rijkswaterstaat",
        "placement": "middle_of:2",
        "ref": "A10",
        "source:name": "https://zoek.officielebekendmakingen.nl/gmb-2016-183326.html",
        "surface": "asphalt",
        "turn:lanes": "none|none|none|slight_right",
        "zone:traffic": "NL:rural"
      },
      "geometry": {
        "type": "LineString",
        "coordinates": [
          [
            4.8423647,
            52.3658425
          ],
          [
            4.8423633,
            52.365956
          ]
        ]
      },
      "id": "way/7382647"
    },
    {
      "type": "Feature",
      "properties": {
        "@id": "way/7382648",
        "bridge": "yes",
        "carriageway_ref": "Li",
        "change:lanes": "yes|not_right|yes|yes",
        "highway": "motorway",
        "int_ref": "E 22",
        "lanes": "4",
        "layer": "1",
        "lit": "yes",
        "lit:indirect": "yes",
        "maxspeed": "80",
        "maxspeed:type": "sign",
        "name": "Ringweg-West",
        "note": "naamsverandering, zie https://zoek.officielebekendmakingen.nl/gmb-2016-183326.html",
        "old_name:-2016-12-13": "Einsteinweg",
        "oneway": "yes",
        "operator": "Rijkswaterstaat",
        "placement": "middle_of:2",
        "ref": "A10",
        "source:name": "https://zoek.officielebekendmakingen.nl/gmb-2016-183326.html",
        "surface": "asphalt",
        "turn:lanes": "none|none|none|slight_right",
        "zone:traffic": "NL:rural"
      },
      "geometry": {
        "type": "LineString",
        "coordinates": [
          [
            4.8421506,
            52.3659534
          ],
          [
            4.8421539,
            52.3658411
          ]
        ]
      },
      "id": "way/7382648"
    },
    {
      "type": "Feature",
      "properties": {
        "@id": "way/7382650",
        "carriageway_ref": "Re",
        "change:lanes": "yes|not_right|yes|yes",
        "highway": "motorway",
        "int_ref": "E 22",
        "lanes": "4",
        "lit": "yes",
        "maxspeed": "80",
        "maxspeed:type": "sign",
        "name": "Ringweg-West",
        "old_name:-2016-12-13": "Einsteinweg",
        "oneway": "yes",
        "operator": "Rijkswaterstaat",
        "placement": "middle_of:2",
        "ref": "A10",
        "source:name": "https://zoek.officielebekendmakingen.nl/gmb-2016-183326.html",
        "surface": "asphalt",
        "turn:lanes": "none|none|none|merge_to_left",
        "zone:traffic": "NL:rural"
      },
      "geometry": {
        "type": "LineString",
        "coordinates": [
          [
            4.8428492,
            52.3747562
          ],
          [
            4.8429969,
            52.3751101
          ]
        ]
      },
      "id": "way/7382650"
    },
    {
      "type": "Feature",
      "properties": {
        "@id": "way/7382655",
        "carriageway_ref": "Re",
        "change:lanes": "yes|not_right|yes",
        "highway": "motorway",
        "int_ref": "E 22",
        "lanes": "3",
        "lit": "yes",
        "maxspeed": "80",
        "maxspeed:type": "sign",
        "name": "Ringweg-West",
        "note": "naamsverandering zie https://zoek.officielebekendmakingen.nl/gmb-2016-183326.html",
        "old_name:-2016-12-13": "Einsteinweg",
        "oneway": "yes",
        "operator": "Rijkswaterstaat",
        "ref": "A10",
        "source:name": "https://zoek.officielebekendmakingen.nl/gmb-2016-183326.html",
        "surface": "asphalt",
        "zone:traffic": "NL:rural"
      },
      "geometry": {
        "type": "LineString",
        "coordinates": [
          [
            4.8424517,
            52.3734965
          ],
          [
            4.8424862,
            52.3736441
          ],
          [
            4.8425684,
            52.3739332
          ],
          [
            4.8426644,
            52.3742396
          ],
          [
            4.8428492,
            52.3747562
          ]
        ]
      },
      "id": "way/7382655"
    },
    {
      "type": "Feature",
      "properties": {
        "@id": "way/7382664",
        "carriageway_ref": "Li",
        "destination": "Amsterdam-West/Zuid;Utrecht;Rotterdam;Schiphol",
        "destination:int_ref": "E22",
        "destination:ref": "RING A10",
        "highway": "motorway",
        "int_ref": "E 22",
        "lanes": "3",
        "lit": "yes",
        "maxheight": "default",
        "maxspeed": "80",
        "maxspeed:type": "sign",
        "name": "Ringweg-West",
        "note": "naamsverandering zie https://zoek.officielebekendmakingen.nl/gmb-2016-183326.html",
        "old_name:-2016-12-13": "Einsteinweg",
        "oneway": "yes",
        "operator": "Rijkswaterstaat",
        "ref": "A10",
        "source:name": "https://zoek.officielebekendmakingen.nl/gmb-2016-183326.html",
        "surface": "asphalt",
        "zone:traffic": "NL:rural"
      },
      "geometry": {
        "type": "LineString",
        "coordinates": [
          [
            4.8426791,
            52.3748734
          ],
          [
            4.8424404,
            52.3741929
          ],
          [
            4.842278,
            52.3736856
          ],
          [
            4.8421692,
            52.3731783
          ],
          [
            4.8420803,
            52.3726606
          ],
          [
            4.8420368,
            52.3722211
          ],
          [
            4.842014,
            52.3717725
          ],
          [
            4.8419973,
            52.3712794
          ],
          [
            4.8420106,
            52.3707718
          ],
          [
            4.8420246,
            52.3701171
          ]
        ]
      },
      "id": "way/7382664"
    },
    {
      "type": "Feature",
      "properties": {
        "@id": "way/7382959",
        "bridge": "viaduct",
        "carriageway_ref": "Re",
        "highway": "motorway",
        "int_ref": "E 22",
        "lanes": "4",
        "layer": "1",
        "lit": "yes",
        "lit:indirect": "yes",
        "maxspeed": "80",
        "maxspeed:type": "sign",
        "name": "Ringweg-West",
        "note": "Zie https://zoek.officielebekendmakingen.nl/gmb-2016-183326.html",
        "old_name:-2016-12-13": "Einsteinweg",
        "oneway": "yes",
        "operator": "Rijkswaterstaat",
        "placement": "middle_of:2",
        "ref": "A10",
        "source:name": "https://zoek.officielebekendmakingen.nl/gmb-2016-183326.html",
        "surface": "asphalt",
        "turn:lanes": "none|none|none|slight_right",
        "zone:traffic": "NL:rural"
      },
      "geometry": {
        "type": "LineString",
        "coordinates": [
          [
            4.8424213,
            52.3639309
          ],
          [
            4.8424114,
            52.364358
          ]
        ]
      },
      "id": "way/7382959"
    },
    {
      "type": "Feature",
      "properties": {
        "@id": "way/7382961",
        "bridge": "viaduct",
        "carriageway_ref": "Li",
        "highway": "motorway",
        "int_ref": "E 22",
        "lanes": "4",
        "layer": "1",
        "lit": "yes",
        "lit:indirect": "yes",
        "maxspeed": "80",
        "maxspeed:type": "sign",
        "name": "Ringweg-West",
        "note": "Zie https://zoek.officielebekendmakingen.nl/gmb-2016-183326.html",
        "old_name:-2016-12-13": "Einsteinweg",
        "oneway": "yes",
        "operator": "Rijkswaterstaat",
        "placement": "middle_of:2",
        "ref": "A10",
        "source:name": "https://zoek.officielebekendmakingen.nl/gmb-2016-183326.html",
        "surface": "asphalt",
        "turn:lanes": "none|none|none|slight_right",
        "zone:traffic": "NL:rural"
      },
      "geometry": {
        "type": "LineString",
        "coordinates": [
          [
            4.8421987,
            52.3643554
          ],
          [
            4.8422096,
            52.3639286
          ]
        ]
      },
      "id": "way/7382961"
    },
    {
      "type": "Feature",
      "properties": {
        "@id": "way/7382971",
        "carriageway_ref": "Li",
        "highway": "motorway",
        "int_ref": "E 22",
        "lanes": "4",
        "lit": "yes",
        "lit:indirect": "yes",
        "maxspeed": "80",
        "maxspeed:type": "sign",
        "name": "Ringweg-West",
        "note": "Zie https://zoek.officielebekendmakingen.nl/gmb-2016-183326.html",
        "old_name:-2016-12-13": "Einsteinweg",
        "oneway": "yes",
        "operator": "Rijkswaterstaat",
        "placement": "middle_of:2",
        "ref": "A10",
        "source:name": "https://zoek.officielebekendmakingen.nl/gmb-2016-183326.html",
        "surface": "asphalt",
        "turn:lanes": "none|none|none|slight_right",
        "zone:traffic": "NL:rural"
      },
      "geometry": {
        "type": "LineString",
        "coordinates": [
          [
            4.8422096,
            52.3639286
          ],
          [
            4.8422313,
            52.3631746
          ]
        ]
      },
      "id": "way/7382971"
    },
    {
      "type": "Feature",
      "properties": {
        "@id": "way/7382973",
        "bridge": "yes",
        "carriageway_ref": "Li",
        "change:lanes": "yes|not_right|yes|yes",
        "highway": "motorway",
        "int_ref": "E 22",
        "lanes": "4",
        "layer": "1",
        "lit": "yes",
        "maxspeed": "80",
        "maxspeed:type": "sign",
        "name": "Ringweg-West",
        "old_name:-2016-12-13": "Einsteinweg",
        "oneway": "yes",
        "operator": "Rijkswaterstaat",
        "placement": "right_of:2",
        "ref": "A10",
        "source:name": "https://zoek.officielebekendmakingen.nl/gmb-2016-183326.html",
        "surface": "asphalt",
        "zone:traffic": "NL:rural"
      },
      "geometry": {
        "type": "LineString",
        "coordinates": [
          [
            4.8425155,
            52.3524999
          ],
          [
            4.842499,
            52.3521371
          ],
          [
            4.8424778,
            52.3518991
          ]
        ]
      },
      "id": "way/7382973"
    },
    {
      "type": "Feature",
      "properties": {
        "@id": "way/7382975",
        "bridge": "yes",
        "carriageway_ref": "Re",
        "highway": "motorway",
        "int_ref": "E 22",
        "lanes": "4",
        "layer": "1",
        "lit": "yes",
        "maxspeed": "80",
        "maxspeed:type": "sign",
        "name": "Ringweg-West",
        "old_name:-2016-12-13": "Einsteinweg",
        "oneway": "yes",
        "operator": "Rijkswaterstaat",
        "placement": "middle_of:2",
        "ref": "A10",
        "source:name": "https://zoek.officielebekendmakingen.nl/gmb-2016-183326.html",
        "surface": "asphalt",
        "turn:lanes": "none|none|none|slight_right",
        "zone:traffic": "NL:rural"
      },
      "geometry": {
        "type": "LineString",
        "coordinates": [
          [
            4.8426196,
            52.3513074
          ],
          [
            4.8427011,
            52.3517866
          ],
          [
            4.8427251,
            52.3519979
          ],
          [
            4.8427397,
            52.3522571
          ],
          [
            4.8427487,
            52.3524996
          ]
        ]
      },
      "id": "way/7382975"
    },
    {
      "type": "Feature",
      "properties": {
        "@id": "way/7382977",
        "carriageway_ref": "Li",
        "change:lanes": "yes|not_right|yes|yes",
        "highway": "motorway",
        "int_ref": "E 22",
        "lanes": "4",
        "lit": "yes",
        "maxspeed": "80",
        "maxspeed:type": "sign",
        "name": "Ringweg-West",
        "old_name:-2016-12-13": "Einsteinweg",
        "oneway": "yes",
        "operator": "Rijkswaterstaat",
        "placement": "right_of:2",
        "ref": "A10",
        "source:name": "https://zoek.officielebekendmakingen.nl/gmb-2016-183326.html",
        "surface": "asphalt",
        "zone:traffic": "NL:rural"
      },
      "geometry": {
        "type": "LineString",
        "coordinates": [
          [
            4.8424713,
            52.3542265
          ],
          [
            4.8424973,
            52.3533816
          ],
          [
            4.8425155,
            52.3524999
          ]
        ]
      },
      "id": "way/7382977"
    },
    {
      "type": "Feature",
      "properties": {
        "@id": "way/7382978",
        "carriageway_ref": "Li",
        "change:lanes": "yes|not_right|yes",
        "highway": "motorway",
        "int_ref": "E 22",
        "lanes": "3",
        "lit": "yes",
        "maxspeed": "80",
        "maxspeed:type": "sign",
        "name": "Ringweg-West",
        "old_name:-2016-12-13": "Einsteinweg",
        "oneway": "yes",
        "operator": "Rijkswaterstaat",
        "ref": "A10",
        "source:name": "https://zoek.officielebekendmakingen.nl/gmb-2016-183326.html",
        "surface": "asphalt",
        "zone:traffic": "NL:rural"
      },
      "geometry": {
        "type": "LineString",
        "coordinates": [
          [
            4.8424534,
            52.3556314
          ],
          [
            4.8424574,
            52.3555213
          ]
        ]
      },
      "id": "way/7382978"
    },
    {
      "type": "Feature",
      "properties": {
        "@id": "way/7382979",
        "carriageway_ref": "Re",
        "highway": "motorway",
        "int_ref": "E 22",
        "lanes": "4",
        "lit": "yes",
        "maxspeed": "80",
        "maxspeed:type": "sign",
        "name": "Ringweg-West",
        "old_name:-2016-12-13": "Einsteinweg",
        "oneway": "yes",
        "operator": "Rijkswaterstaat",
        "placement": "middle_of:2",
        "ref": "A10",
        "source:name": "https://zoek.officielebekendmakingen.nl/gmb-2016-183326.html",
        "surface": "asphalt",
        "turn:lanes": "none|none|none|slight_right",
        "zone:traffic": "NL:rural"
      },
      "geometry": {
        "type": "LineString",
        "coordinates": [
          [
            4.8427487,
            52.3524996
          ],
          [
            4.8427179,
            52.3538447
          ]
        ]
      },
      "id": "way/7382979"
    },
    {
      "type": "Feature",
      "properties": {
        "@id": "way/7382981",
        "bridge": "yes",
        "carriageway_ref": "Li",
        "highway": "motorway",
        "int_ref": "E 22",
        "lanes": "3",
        "layer": "1",
        "lit": "yes",
        "maxspeed": "80",
        "maxspeed:type": "sign",
        "name": "Ringweg-West",
        "old_name:-2016-12-13": "Einsteinweg",
        "oneway": "yes",
        "operator": "Rijkswaterstaat",
        "ref": "A10",
        "source:name": "https://zoek.officielebekendmakingen.nl/gmb-2016-183326.html",
        "surface": "asphalt",
        "zone:traffic": "NL:rural"
      },
      "geometry": {
        "type": "LineString",
        "coordinates": [
          [
            4.8424261,
            52.356473
          ],
          [
            4.8424476,
            52.355794
          ]
        ]
      },
      "id": "way/7382981"
    },
    {
      "type": "Feature",
      "properties": {
        "@id": "way/7382982",
        "bridge": "yes",
        "carriageway_ref": "Re",
        "highway": "motorway",
        "int_ref": "E 22",
        "lanes": "3",
        "layer": "1",
        "lit": "yes",
        "maxspeed": "80",
        "maxspeed:type": "sign",
        "name": "Ringweg-West",
        "old_name:-2016-12-13": "Einsteinweg",
        "oneway": "yes",
        "operator": "Rijkswaterstaat",
        "ref": "A10",
        "source:name": "https://zoek.officielebekendmakingen.nl/gmb-2016-183326.html",
        "surface": "asphalt",
        "zone:traffic": "NL:rural"
      },
      "geometry": {
        "type": "LineString",
        "coordinates": [
          [
            4.8426554,
            52.3557969
          ],
          [
            4.8426356,
            52.356476
          ]
        ]
      },
      "id": "way/7382982"
    },
    {
      "type": "Feature",
      "properties": {
        "@id": "way/7382984",
        "carriageway_ref": "Li",
        "destination": "Amsterdam-Zuid;Utrecht;Rotterdam;Schiphol",
        "destination:int_ref": "E22",
        "destination:ref": "RING A10",
        "highway": "motorway",
        "int_ref": "E 22",
        "lanes": "3",
        "lit": "yes",
        "maxspeed": "80",
        "maxspeed:type": "sign",
        "name": "Ringweg-West",
        "old_name:-2016-12-13": "Einsteinweg",
        "oneway": "yes",
        "operator": "Rijkswaterstaat",
        "ref": "A10",
        "source:name": "https://zoek.officielebekendmakingen.nl/gmb-2016-183326.html",
        "surface": "asphalt",
        "zone:traffic": "NL:rural"
      },
      "geometry": {
        "type": "LineString",
        "coordinates": [
          [
            4.8422789,
            52.3615701
          ],
          [
            4.8423077,
            52.3607231
          ],
          [
            4.8423407,
            52.3595313
          ]
        ]
      },
      "id": "way/7382984"
    },
    {
      "type": "Feature",
      "properties": {
        "@id": "way/7382985",
        "bridge": "viaduct",
        "carriageway_ref": "Re",
        "highway": "motorway",
        "int_ref": "E 22",
        "lanes": "3",
        "layer": "1",
        "lit": "yes",
        "maxspeed": "80",
        "maxspeed:type": "sign",
        "name": "Ringweg-West",
        "old_name:-2016-12-13": "Einsteinweg",
        "oneway": "yes",
        "operator": "Rijkswaterstaat",
        "ref": "A10",
        "source:name": "https://zoek.officielebekendmakingen.nl/gmb-2016-183326.html",
        "surface": "asphalt",
        "zone:traffic": "NL:rural"
      },
      "geometry": {
        "type": "LineString",
        "coordinates": [
          [
            4.8425671,
            52.3592036
          ],
          [
            4.842552,
            52.3595331
          ]
        ]
      },
      "id": "way/7382985"
    },
    {
      "type": "Feature",
      "properties": {
        "@id": "way/7382987",
        "bridge": "viaduct",
        "carriageway_ref": "Li",
        "highway": "motorway",
        "int_ref": "E 22",
        "lanes": "3",
        "layer": "1",
        "lit": "yes",
        "maxspeed": "80",
        "maxspeed:type": "sign",
        "name": "Ringweg-West",
        "old_name:-2016-12-13": "Einsteinweg",
        "oneway": "yes",
        "operator": "Rijkswaterstaat",
        "ref": "A10",
        "source:name": "https://zoek.officielebekendmakingen.nl/gmb-2016-183326.html",
        "surface": "asphalt",
        "zone:traffic": "NL:rural"
      },
      "geometry": {
        "type": "LineString",
        "coordinates": [
          [
            4.8423407,
            52.3595313
          ],
          [
            4.8423487,
            52.3592021
          ]
        ]
      },
      "id": "way/7382987"
    },
    {
      "type": "Feature",
      "properties": {
        "@id": "way/7382988",
        "carriageway_ref": "Li",
        "highway": "motorway",
        "int_ref": "E 22",
        "lanes": "3",
        "lit": "yes",
        "maxheight:signed": "no",
        "maxspeed": "80",
        "maxspeed:type": "sign",
        "name": "Ringweg-West",
        "old_name:-2016-12-13": "Einsteinweg",
        "oneway": "yes",
        "operator": "Rijkswaterstaat",
        "ref": "A10",
        "source:name": "https://zoek.officielebekendmakingen.nl/gmb-2016-183326.html",
        "surface": "asphalt",
        "zone:traffic": "NL:rural"
      },
      "geometry": {
        "type": "LineString",
        "coordinates": [
          [
            4.8423487,
            52.3592021
          ],
          [
            4.8423695,
            52.3584798
          ],
          [
            4.8424078,
            52.3574552
          ],
          [
            4.8424261,
            52.356473
          ]
        ]
      },
      "id": "way/7382988"
    },
    {
      "type": "Feature",
      "properties": {
        "@id": "way/7382990",
        "carriageway_ref": "Re",
        "highway": "motorway",
        "int_ref": "E 22",
        "lanes": "3",
        "lit": "yes",
        "maxheight:signed": "no",
        "maxspeed": "80",
        "maxspeed:type": "sign",
        "name": "Ringweg-West",
        "old_name:-2016-12-13": "Einsteinweg",
        "oneway": "yes",
        "operator": "Rijkswaterstaat",
        "ref": "A10",
        "source:name": "https://zoek.officielebekendmakingen.nl/gmb-2016-183326.html",
        "surface": "asphalt",
        "zone:traffic": "NL:rural"
      },
      "geometry": {
        "type": "LineString",
        "coordinates": [
          [
            4.8426356,
            52.356476
          ],
          [
            4.8426186,
            52.3574692
          ],
          [
            4.8425805,
            52.3584528
          ],
          [
            4.8425671,
            52.3592036
          ]
        ]
      },
      "id": "way/7382990"
    },
    {
      "type": "Feature",
      "properties": {
        "@id": "way/24729681",
        "bridge": "yes",
        "carriageway_ref": "Re",
        "highway": "motorway",
        "int_ref": "E 22",
        "lanes": "4",
        "layer": "1",
        "lit": "yes",
        "lit:indirect": "yes",
        "maxspeed": "80",
        "maxspeed:type": "sign",
        "name": "Ringweg-West",
        "note": "Zie https://zoek.officielebekendmakingen.nl/gmb-2016-183326.html",
        "old_name:-2016-12-13": "Einsteinweg",
        "oneway": "yes",
        "operator": "Rijkswaterstaat",
        "placement": "middle_of:2",
        "ref": "A10",
        "source:name": "https://zoek.officielebekendmakingen.nl/gmb-2016-183326.html",
        "surface": "asphalt",
        "turn:lanes": "none|none|none|slight_right",
        "zone:traffic": "NL:rural"
      },
      "geometry": {
        "type": "LineString",
        "coordinates": [
          [
            4.842445,
            52.3630654
          ],
          [
            4.8424418,
            52.3631755
          ]
        ]
      },
      "id": "way/24729681"
    },
    {
      "type": "Feature",
      "properties": {
        "@id": "way/24729682",
        "carriageway_ref": "Re",
        "highway": "motorway",
        "int_ref": "E 22",
        "lanes": "4",
        "lit": "yes",
        "lit:indirect": "yes",
        "maxspeed": "80",
        "maxspeed:type": "sign",
        "name": "Ringweg-West",
        "note": "Zie https://zoek.officielebekendmakingen.nl/gmb-2016-183326.html",
        "old_name:-2016-12-13": "Einsteinweg",
        "oneway": "yes",
        "operator": "Rijkswaterstaat",
        "placement": "middle_of:2",
        "ref": "A10",
        "source:name": "https://zoek.officielebekendmakingen.nl/gmb-2016-183326.html",
        "surface": "asphalt",
        "turn:lanes": "none|none|none|slight_right",
        "zone:traffic": "NL:rural"
      },
      "geometry": {
        "type": "LineString",
        "coordinates": [
          [
            4.8424418,
            52.3631755
          ],
          [
            4.8424213,
            52.3639309
          ]
        ]
      },
      "id": "way/24729682"
    },
    {
      "type": "Feature",
      "properties": {
        "@id": "way/24729683",
        "bridge": "yes",
        "carriageway_ref": "Li",
        "highway": "motorway",
        "int_ref": "E 22",
        "lanes": "4",
        "layer": "1",
        "lit": "yes",
        "lit:indirect": "yes",
        "maxspeed": "80",
        "maxspeed:type": "sign",
        "name": "Ringweg-West",
        "note": "Zie https://zoek.officielebekendmakingen.nl/gmb-2016-183326.html",
        "old_name:-2016-12-13": "Einsteinweg",
        "oneway": "yes",
        "operator": "Rijkswaterstaat",
        "placement": "middle_of:2",
        "ref": "A10",
        "source:name": "https://zoek.officielebekendmakingen.nl/gmb-2016-183326.html",
        "surface": "asphalt",
        "turn:lanes": "none|none|none|slight_right",
        "zone:traffic": "NL:rural"
      },
      "geometry": {
        "type": "LineString",
        "coordinates": [
          [
            4.8422313,
            52.3631746
          ],
          [
            4.8422369,
            52.3630624
          ]
        ]
      },
      "id": "way/24729683"
    },
    {
      "type": "Feature",
      "properties": {
        "@id": "way/27087862",
        "access:lanes": "variable|yes|yes|yes",
        "carriageway_ref": "Re",
        "emergency:lanes": "yes|yes|yes|yes",
        "hazmat:B": "no",
        "hazmat:C": "no",
        "hazmat:D": "yes",
        "hazmat:E": "yes",
        "highway": "motorway",
        "int_ref": "E 22",
        "lanes": "4",
        "layer": "-1",
        "lit": "yes",
        "maxheight": "4.3",
        "maxspeed": "100",
        "name": "Tweede Coentunnel",
        "name:en": "Second Coen Tunnel",
        "name:nl": "Tweede Coentunnel",
        "not:name": "Ringweg-West",
        "note": "Linkerrijstrook wordt alleen geopend ter vervanging van een andere rijstrook/wisselbaan. Maximaal 8 van de 10 rijstroken in de Coentunnel zijn tegelijk open.",
        "note:url": "https://www.autoweek.nl/verkeer/waarom-is-de-linker-rijstrook-van-de-coentunnel-altijd-leeg/",
        "oneway": "yes",
        "operator": "Rijkswaterstaat",
        "placement": "middle_of:3",
        "ref": "A10",
        "source:name": "NWB",
        "source:not:name": "https://zoek.officielebekendmakingen.nl/gmb-2016-183326.html",
        "surface": "asphalt",
        "tunnel": "yes",
        "wikidata": "Q1974151",
        "wikipedia": "nl:Tweede Coentunnel",
        "zone:traffic": "NL:rural"
      },
      "geometry": {
        "type": "LineString",
        "coordinates": [
          [
            4.861459,
            52.4107802
          ],
          [
            4.8671655,
            52.4167006
          ]
        ]
      },
      "id": "way/27087862"
    },
    {
      "type": "Feature",
      "properties": {
        "@id": "way/27244085",
        "bridge": "viaduct",
        "carriageway_ref": "Re",
        "highway": "motorway",
        "int_ref": "E 22",
        "lanes": "4",
        "layer": "1",
        "lit": "yes",
        "maxspeed": "80",
        "maxspeed:type": "sign",
        "name": "Ringweg-West",
        "old_name:-2016-12-13": "Einsteinweg",
        "oneway": "yes",
        "operator": "Rijkswaterstaat",
        "placement": "middle_of:2",
        "ref": "A10",
        "source:name": "https://zoek.officielebekendmakingen.nl/gmb-2016-183326.html",
        "surface": "asphalt",
        "turn:lanes": "none|none|none|slight_right",
        "zone:traffic": "NL:rural"
      },
      "geometry": {
        "type": "LineString",
        "coordinates": [
          [
            4.844626,
            52.385945
          ],
          [
            4.8446063,
            52.3863139
          ]
        ]
      },
      "id": "way/27244085"
    },
    {
      "type": "Feature",
      "properties": {
        "@id": "way/27244087",
        "carriageway_ref": "Li",
        "embankment": "yes",
        "highway": "motorway",
        "int_ref": "E 22",
        "lanes": "4",
        "lit": "yes",
        "maxspeed": "80",
        "maxspeed:type": "sign",
        "name": "Ringweg-West",
        "old_name:-2016-12-13": "Einsteinweg",
        "oneway": "yes",
        "operator": "Rijkswaterstaat",
        "placement": "middle_of:2",
        "ref": "A10",
        "source:name": "https://zoek.officielebekendmakingen.nl/gmb-2016-183326.html",
        "surface": "asphalt",
        "turn:lanes": "none|none|none|slight_right",
        "zone:traffic": "NL:rural"
      },
      "geometry": {
        "type": "LineString",
        "coordinates": [
          [
            4.8444301,
            52.3859281
          ],
          [
            4.8444705,
            52.3851679
          ]
        ]
      },
      "id": "way/27244087"
    },
    {
      "type": "Feature",
      "properties": {
        "@id": "way/27244089",
        "bridge": "viaduct",
        "carriageway_ref": "Li",
        "highway": "motorway",
        "int_ref": "E 22",
        "lanes": "4",
        "layer": "1",
        "lit": "yes",
        "maxspeed": "80",
        "maxspeed:type": "sign",
        "name": "Ringweg-West",
        "old_name:-2016-12-13": "Einsteinweg",
        "oneway": "yes",
        "operator": "Rijkswaterstaat",
        "placement": "middle_of:2",
        "ref": "A10",
        "source:name": "https://zoek.officielebekendmakingen.nl/gmb-2016-183326.html",
        "surface": "asphalt",
        "turn:lanes": "none|none|none|slight_right",
        "zone:traffic": "NL:rural"
      },
      "geometry": {
        "type": "LineString",
        "coordinates": [
          [
            4.8444108,
            52.3862963
          ],
          [
            4.8444301,
            52.3859281
          ]
        ]
      },
      "id": "way/27244089"
    },
    {
      "type": "Feature",
      "properties": {
        "@id": "way/27244090",
        "carriageway_ref": "Re",
        "highway": "motorway",
        "int_ref": "E 22",
        "lanes": "4",
        "lit": "yes",
        "maxspeed": "80",
        "maxspeed:type": "sign",
        "name": "Ringweg-West",
        "old_name:-2016-12-13": "Einsteinweg",
        "oneway": "yes",
        "operator": "Rijkswaterstaat",
        "placement": "middle_of:2",
        "ref": "A10",
        "source:name": "https://zoek.officielebekendmakingen.nl/gmb-2016-183326.html",
        "surface": "asphalt",
        "turn:lanes": "none|none|none|slight_right",
        "zone:traffic": "NL:rural"
      },
      "geometry": {
        "type": "LineString",
        "coordinates": [
          [
            4.8446063,
            52.3863139
          ],
          [
            4.8445889,
            52.3866059
          ]
        ]
      },
      "id": "way/27244090"
    },
    {
      "type": "Feature",
      "properties": {
        "@id": "way/27381004",
        "bridge": "yes",
        "carriageway_ref": "Re",
        "highway": "motorway",
        "int_ref": "E 35",
        "lanes": "5",
        "layer": "1",
        "lit": "yes",
        "maxspeed": "100",
        "name": "Ringweg-Oost",
        "oneway": "yes",
        "operator": "Rijkswaterstaat",
        "placement": "right_of:2",
        "ref": "A10",
        "shoulder": "right",
        "smoothness": "excellent",
        "surface": "asphalt",
        "turn:lanes": "none|none|none|none|slight_right",
        "width": "19"
      },
      "geometry": {
        "type": "LineString",
        "coordinates": [
          [
            4.9363859,
            52.3350802
          ],
          [
            4.935931,
            52.3349175
          ],
          [
            4.9359116,
            52.3349105
          ]
        ]
      },
      "id": "way/27381004"
    },
    {
      "type": "Feature",
      "properties": {
        "@id": "way/27381006",
        "carriageway_ref": "Re",
        "highway": "motorway",
        "int_ref": "E 35",
        "lanes": "5",
        "lit": "yes",
        "maxspeed": "100",
        "name": "Ringweg-Oost",
        "oneway": "yes",
        "operator": "Rijkswaterstaat",
        "placement": "right_of:2",
        "ref": "A10",
        "shoulder": "right",
        "smoothness": "excellent",
        "surface": "asphalt",
        "turn:lanes": "none|none|none|none|slight_right",
        "width": "19"
      },
      "geometry": {
        "type": "LineString",
        "coordinates": [
          [
            4.9359116,
            52.3349105
          ],
          [
            4.9329479,
            52.3338849
          ],
          [
            4.930706,
            52.3331136
          ]
        ]
      },
      "id": "way/27381006"
    },
    {
      "type": "Feature",
      "properties": {
        "@id": "way/27381009",
        "carriageway_ref": "Li",
        "highway": "motorway",
        "int_ref": "E 35",
        "lanes": "6",
        "lit": "yes",
        "maxspeed": "100",
        "name": "Ringweg-Oost",
        "oneway": "yes",
        "operator": "Rijkswaterstaat",
        "placement": "right_of:2",
        "ref": "A10",
        "shoulder": "right",
        "smoothness": "excellent",
        "surface": "asphalt",
        "turn:lanes": "none|none|none|none|slight_right|slight_right",
        "width": "23"
      },
      "geometry": {
        "type": "LineString",
        "coordinates": [
          [
            4.9365261,
            52.3349349
          ],
          [
            4.9374629,
            52.3352867
          ]
        ]
      },
      "id": "way/27381009"
    },
    {
      "type": "Feature",
      "properties": {
        "@id": "way/27381173",
        "carriageway_ref": "Li",
        "highway": "motorway",
        "int_ref": "E 35",
        "lanes": "5",
        "lit": "yes",
        "maxheight:signed": "no",
        "maxspeed": "100",
        "name": "Ringweg-Oost",
        "oneway": "yes",
        "operator": "Rijkswaterstaat",
        "placement": "right_of:2",
        "ref": "A10",
        "smoothness": "good",
        "surface": "asphalt",
        "turn:lanes": "none|none|none|none|merge_to_left",
        "width": "13.5"
      },
      "geometry": {
        "type": "LineString",
        "coordinates": [
          [
            4.9307528,
            52.3329408
          ],
          [
            4.9330209,
            52.3337181
          ]
        ]
      },
      "id": "way/27381173"
    },
    {
      "type": "Feature",
      "properties": {
        "@id": "way/28754388",
        "carriageway_ref": "Re",
        "highway": "motorway",
        "int_ref": "E 19",
        "lanes": "3",
        "lit": "yes",
        "maxspeed": "100",
        "name": "Ringweg-Zuid",
        "oneway": "yes",
        "operator": "Rijkswaterstaat",
        "ref": "A10",
        "surface": "asphalt"
      },
      "geometry": {
        "type": "LineString",
        "coordinates": [
          [
            4.9161523,
            52.3286035
          ],
          [
            4.9151968,
            52.3285182
          ]
        ]
      },
      "id": "way/28754388"
    },
    {
      "type": "Feature",
      "properties": {
        "@id": "way/30985187",
        "carriageway_ref": "Li",
        "disused:lanes": "6",
        "disused:maxspeed": "100",
        "disused:turn:lanes": "none|none|none|none|slight_right|slight_right",
        "highway": "motorway",
        "int_ref": "E 19",
        "lanes": "5",
        "lit": "yes",
        "maxspeed": "90",
        "maxspeed:type": "sign",
        "name": "Ringweg-Zuid",
        "oneway": "yes",
        "operator": "Rijkswaterstaat",
        "placement": "middle_of:3",
        "ref": "A10",
        "surface": "asphalt",
        "survey:date": "2025-01-27",
        "turn:lanes": "through|through|through|through;slight_right|slight_right",
        "zone:traffic": "NL:rural"
      },
      "geometry": {
        "type": "LineString",
        "coordinates": [
          [
            4.8537956,
            52.3375616
          ],
          [
            4.854082,
            52.3375734
          ],
          [
            4.8571198,
            52.3377399
          ]
        ]
      },
      "id": "way/30985187"
    },
    {
      "type": "Feature",
      "properties": {
        "@id": "way/30985188",
        "bridge": "yes",
        "carriageway_ref": "Li",
        "disused:lanes": "6",
        "disused:maxspeed": "100",
        "disused:turn:lanes": "none|none|none|none|slight_right|slight_right",
        "highway": "motorway",
        "int_ref": "E 19",
        "lanes": "5",
        "layer": "1",
        "lit": "yes",
        "maxspeed": "90",
        "maxspeed:type": "sign",
        "name": "Ringweg-Zuid",
        "oneway": "yes",
        "operator": "Rijkswaterstaat",
        "placement": "middle_of:3",
        "ref": "A10",
        "surface": "asphalt",
        "survey:date": "2025-01-27",
        "turn:lanes": "through|through|through|through;slight_right|slight_right",
        "zone:traffic": "NL:rural"
      },
      "geometry": {
        "type": "LineString",
        "coordinates": [
          [
            4.8535218,
            52.3375475
          ],
          [
            4.8537956,
            52.3375616
          ]
        ]
      },
      "id": "way/30985188"
    },
    {
      "type": "Feature",
      "properties": {
        "@id": "way/30985195",
        "bridge": "yes",
        "carriageway_ref": "Re",
        "disused:maxspeed": "100",
        "highway": "motorway",
        "int_ref": "E 19",
        "lanes": "5",
        "layer": "1",
        "lit": "yes",
        "maxspeed": "90",
        "maxspeed:type": "sign",
        "name": "Ringweg-Zuid",
        "oneway": "yes",
        "operator": "Rijkswaterstaat",
        "placement": "middle_of:3",
        "ref": "A10",
        "surface": "asphalt",
        "survey:date": "2025-01-27",
        "turn:lanes": "none|none|none|slight_right|slight_right",
        "zone:traffic": "NL:rural"
      },
      "geometry": {
        "type": "LineString",
        "coordinates": [
          [
            4.8534737,
            52.3384934
          ],
          [
            4.8531919,
            52.3384772
          ]
        ]
      },
      "id": "way/30985195"
    },
    {
      "type": "Feature",
      "properties": {
        "@id": "way/38245925",
        "bridge": "yes",
        "carriageway_ref": "Re",
        "change:lanes": "yes|yes|not_right|no",
        "highway": "motorway",
        "int_ref": "E 22",
        "lanes": "4",
        "layer": "1",
        "lit": "yes",
        "maxspeed": "80",
        "maxspeed:type": "sign",
        "name": "Ringweg-West",
        "old_name:-2016-12-13": "Einsteinweg",
        "oneway": "yes",
        "operator": "Rijkswaterstaat",
        "placement": "middle_of:2",
        "ref": "A10",
        "source:name": "https://zoek.officielebekendmakingen.nl/gmb-2016-183326.html",
        "surface": "asphalt",
        "zone:traffic": "NL:rural"
      },
      "geometry": {
        "type": "LineString",
        "coordinates": [
          [
            4.8414387,
            52.348396
          ],
          [
            4.8414954,
            52.3485468
          ],
          [
            4.8415559,
            52.3486995
          ]
        ]
      },
      "id": "way/38245925"
    },
    {
      "type": "Feature",
      "properties": {
        "@id": "way/38245938",
        "bridge": "yes",
        "carriageway_ref": "Li",
        "highway": "motorway",
        "int_ref": "E 22",
        "lanes": "3",
        "layer": "1",
        "lit": "yes",
        "maxspeed": "80",
        "maxspeed:type": "sign",
        "name": "Ringweg-West",
        "note": "naamsverandering zie https://zoek.officielebekendmakingen.nl/gmb-2016-183326.html",
        "old_name:-2016-12-13": "Einsteinweg",
        "oneway": "yes",
        "operator": "Rijkswaterstaat",
        "ref": "A10",
        "source:name": "https://zoek.officielebekendmakingen.nl/gmb-2016-183326.html",
        "surface": "asphalt",
        "zone:traffic": "NL:rural"
      },
      "geometry": {
        "type": "LineString",
        "coordinates": [
          [
            4.8420355,
            52.3697673
          ],
          [
            4.8420547,
            52.3691163
          ]
        ]
      },
      "id": "way/38245938"
    },
    {
      "type": "Feature",
      "properties": {
        "@id": "way/38249624",
        "bridge": "viaduct",
        "carriageway_ref": "Li",
        "highway": "motorway",
        "int_ref": "E 22",
        "lanes": "3",
        "layer": "1",
        "lit": "yes",
        "maxspeed": "80",
        "maxspeed:type": "sign",
        "name": "Ringweg-West",
        "old_name:-2016-12-13": "Einsteinweg",
        "oneway": "yes",
        "operator": "Rijkswaterstaat",
        "ref": "A10",
        "source:name": "https://zoek.officielebekendmakingen.nl/gmb-2016-183326.html",
        "surface": "asphalt",
        "zone:traffic": "NL:rural"
      },
      "geometry": {
        "type": "LineString",
        "coordinates": [
          [
            4.8441925,
            52.3895767
          ],
          [
            4.8442661,
            52.3887508
          ]
        ]
      },
      "id": "way/38249624"
    },
    {
      "type": "Feature",
      "properties": {
        "@id": "way/38365161",
        "carriageway_ref": "Li",
        "hazmat:B": "no",
        "hazmat:C": "no",
        "hazmat:D": "yes",
        "hazmat:E": "yes",
        "highway": "motorway",
        "int_ref": "E 35",
        "lanes": "3",
        "lit": "yes",
        "maxspeed": "100",
        "name": "Ringweg-Noord",
        "oneway": "yes",
        "operator": "Rijkswaterstaat",
        "ref": "A10",
        "surface": "asphalt"
      },
      "geometry": {
        "type": "LineString",
        "coordinates": [
          [
            4.9714573,
            52.3657842
          ],
          [
            4.9722081,
            52.3672126
          ]
        ]
      },
      "id": "way/38365161"
    },
    {
      "type": "Feature",
      "properties": {
        "@id": "way/38365164",
        "bridge": "yes",
        "carriageway_ref": "Re",
        "hazmat:B": "no",
        "hazmat:C": "no",
        "hazmat:D": "yes",
        "hazmat:E": "yes",
        "highway": "motorway",
        "int_ref": "E 35",
        "lanes": "3",
        "layer": "1",
        "lit": "yes",
        "maxspeed": "100",
        "name": "Ringweg-Noord",
        "oneway": "yes",
        "operator": "Rijkswaterstaat",
        "ref": "A10",
        "surface": "asphalt"
      },
      "geometry": {
        "type": "LineString",
        "coordinates": [
          [
            4.9712381,
            52.3658304
          ],
          [
            4.970016,
            52.3636203
          ]
        ]
      },
      "id": "way/38365164"
    },
    {
      "type": "Feature",
      "properties": {
        "@id": "way/38524670",
        "carriageway_ref": "Li",
        "highway": "motorway",
        "int_ref": "E 35",
        "lanes": "3",
        "lit": "yes",
        "maxspeed": "100",
        "name": "Ringweg-Noord",
        "oneway": "yes",
        "operator": "Rijkswaterstaat",
        "ref": "A10",
        "surface": "asphalt"
      },
      "geometry": {
        "type": "LineString",
        "coordinates": [
          [
            4.9547886,
            52.401258
          ],
          [
            4.9544349,
            52.4014721
          ],
          [
            4.9533834,
            52.4020654
          ],
          [
            4.9518111,
            52.402884
          ],
          [
            4.9505365,
            52.4035053
          ],
          [
            4.9494911,
            52.4039728
          ]
        ]
      },
      "id": "way/38524670"
    },
    {
      "type": "Feature",
      "properties": {
        "@id": "way/38524672",
        "carriageway_ref": "Re",
        "highway": "motorway",
        "int_ref": "E 35",
        "lanes": "3",
        "lit": "yes",
        "maxspeed": "100",
        "name": "Ringweg-Noord",
        "oneway": "yes",
        "operator": "Rijkswaterstaat",
        "ref": "A10",
        "surface": "asphalt"
      },
      "geometry": {
        "type": "LineString",
        "coordinates": [
          [
            4.9485367,
            52.4042104
          ],
          [
            4.9490137,
            52.4040099
          ],
          [
            4.9504022,
            52.4033978
          ],
          [
            4.9516373,
            52.4027991
          ],
          [
            4.9532365,
            52.401962
          ],
          [
            4.9546577,
            52.4011475
          ]
        ]
      },
      "id": "way/38524672"
    },
    {
      "type": "Feature",
      "properties": {
        "@id": "way/38587055",
        "bridge": "yes",
        "carriageway_ref": "Re",
        "highway": "motorway",
        "int_ref": "E 35",
        "lanes": "4",
        "layer": "1",
        "lit": "yes",
        "maxspeed": "100",
        "name": "Ringweg-Oost",
        "oneway": "yes",
        "operator": "Rijkswaterstaat",
        "ref": "A10",
        "surface": "asphalt"
      },
      "geometry": {
        "type": "LineString",
        "coordinates": [
          [
            4.952346,
            52.3406701
          ],
          [
            4.9517949,
            52.3403063
          ]
        ]
      },
      "id": "way/38587055"
    },
    {
      "type": "Feature",
      "properties": {
        "@id": "way/39911403",
        "carriageway_ref": "Li",
        "hazmat:B": "no",
        "hazmat:C": "no",
        "hazmat:D": "yes",
        "hazmat:E": "yes",
        "highway": "motorway",
        "int_ref": "E 22",
        "lanes": "2",
        "lit": "yes",
        "maxspeed": "100",
        "name": "Ringweg-Noord",
        "not:name": "Ringweg-West",
        "oneway": "yes",
        "operator": "Rijkswaterstaat",
        "ref": "A10",
        "source:name": "NWB",
        "source:not:name": "https://zoek.officielebekendmakingen.nl/gmb-2016-183326.html",
        "surface": "asphalt"
      },
      "geometry": {
        "type": "LineString",
        "coordinates": [
          [
            4.873969,
            52.4225395
          ],
          [
            4.8736635,
            52.4224405
          ]
        ]
      },
      "id": "way/39911403"
    },
    {
      "type": "Feature",
      "properties": {
        "@id": "way/39911408",
        "access:lanes": "variable|yes|yes|yes|yes",
        "carriageway_ref": "Re",
        "change:lanes": "yes|yes|yes|no|no",
        "emergency:lanes": "yes|yes|yes|yes|yes",
        "hazmat:B": "no",
        "hazmat:C": "no",
        "hazmat:D": "yes",
        "hazmat:E": "yes",
        "highway": "motorway",
        "int_ref": "E 22",
        "lanes": "5",
        "lit": "yes",
        "maxspeed": "100",
        "name": "Ringweg-Noord",
        "not:name": "Ringweg-West",
        "note": "Linkerrijstrook wordt alleen geopend ter vervanging van een andere rijstrook/wisselbaan. Maximaal 8 van de 10 rijstroken in de Coentunnel zijn tegelijk open.",
        "note:url": "https://www.autoweek.nl/verkeer/waarom-is-de-linker-rijstrook-van-de-coentunnel-altijd-leeg/",
        "oneway": "yes",
        "operator": "Rijkswaterstaat",
        "placement": "middle_of:3",
        "ref": "A10",
        "source:name": "NWB",
        "source:not:name": "https://zoek.officielebekendmakingen.nl/gmb-2016-183326.html",
        "surface": "asphalt",
        "turn:lanes": "none|none|none|slight_right|slight_right",
        "zone:traffic": "NL:rural"
      },
      "geometry": {
        "type": "LineString",
        "coordinates": [
          [
            4.86887,
            52.4184911
          ],
          [
            4.8691773,
            52.418797
          ],
          [
            4.869503,
            52.4191035
          ],
          [
            4.8698723,
            52.4194205
          ],
          [
            4.8701408,
            52.4196334
          ],
          [
            4.8705651,
            52.4199377
          ],
          [
            4.8706877,
            52.4200224
          ]
        ]
      },
      "id": "way/39911408"
    },
    {
      "type": "Feature",
      "properties": {
        "@id": "way/48748939",
        "carriageway_ref": "Re",
        "highway": "motorway",
        "int_ref": "E 22",
        "lanes": "3",
        "lit": "yes",
        "maxspeed": "80",
        "maxspeed:type": "sign",
        "name": "Ringweg-West",
        "old_name:-2016-12-13": "Einsteinweg",
        "oneway": "yes",
        "operator": "Rijkswaterstaat",
        "ref": "A10",
        "source:name": "https://zoek.officielebekendmakingen.nl/gmb-2016-183326.html",
        "surface": "asphalt",
        "zone:traffic": "NL:rural"
      },
      "geometry": {
        "type": "LineString",
        "coordinates": [
          [
            4.8442844,
            52.3921904
          ],
          [
            4.8442935,
            52.3928304
          ],
          [
            4.8443185,
            52.3934079
          ],
          [
            4.8443755,
            52.3939646
          ],
          [
            4.8444729,
            52.3944581
          ],
          [
            4.8445513,
            52.3947512
          ],
          [
            4.8446434,
            52.3950661
          ]
        ]
      },
      "id": "way/48748939"
    },
    {
      "type": "Feature",
      "properties": {
        "@id": "way/75919461",
        "bridge": "viaduct",
        "carriageway_ref": "Re",
        "destination": "Einsteinweg",
        "highway": "motorway",
        "int_ref": "E 22",
        "lanes": "3",
        "layer": "1",
        "lit": "yes",
        "maxspeed": "80",
        "maxspeed:type": "sign",
        "name": "Ringweg-West",
        "note": "_link improves spoken navigation",
        "old_name:-2016-12-13": "Einsteinweg",
        "oneway": "yes",
        "operator": "Rijkswaterstaat",
        "ref": "A10",
        "source:name": "https://zoek.officielebekendmakingen.nl/gmb-2016-183326.html",
        "surface": "asphalt",
        "zone:traffic": "NL:rural"
      },
      "geometry": {
        "type": "LineString",
        "coordinates": [
          [
            4.8444693,
            52.3887585
          ],
          [
            4.8444153,
            52.3895755
          ]
        ]
      },
      "id": "way/75919461"
    },
    {
      "type": "Feature",
      "properties": {
        "@id": "way/75919463",
        "carriageway_ref": "Li",
        "destination": "Utrecht;Rotterdam;Schiphol",
        "destination:int_ref": "E 22",
        "destination:ref": "RING A10",
        "destination:symbol": "none;none;airport",
        "highway": "motorway",
        "int_ref": "E 22",
        "lanes": "2",
        "lit": "yes",
        "maxspeed": "100",
        "name": "Ringweg-West",
        "old_name:-2016-12-13": "Einsteinweg",
        "oneway": "yes",
        "operator": "Rijkswaterstaat",
        "placement": "transition",
        "ref": "A10",
        "source:name": "https://zoek.officielebekendmakingen.nl/gmb-2016-183326.html",
        "surface": "asphalt"
      },
      "geometry": {
        "type": "LineString",
        "coordinates": [
          [
            4.8440007,
            52.3953834
          ],
          [
            4.8440061,
            52.3952957
          ]
        ]
      },
      "id": "way/75919463"
    },
    {
      "type": "Feature",
      "properties": {
        "@id": "way/75919470",
        "bridge": "yes",
        "carriageway_ref": "Li",
        "highway": "motorway",
        "int_ref": "E 22",
        "lanes": "4",
        "layer": "1",
        "lit": "yes",
        "maxspeed": "80",
        "maxspeed:type": "sign",
        "name": "Ringweg-West",
        "old_name:-2016-12-13": "Einsteinweg",
        "oneway": "yes",
        "operator": "Rijkswaterstaat",
        "placement": "middle_of:2",
        "ref": "A10",
        "source:name": "https://zoek.officielebekendmakingen.nl/gmb-2016-183326.html",
        "surface": "asphalt",
        "turn:lanes": "none|none|none|slight_right",
        "zone:traffic": "NL:rural"
      },
      "geometry": {
        "type": "LineString",
        "coordinates": [
          [
            4.8442661,
            52.3887508
          ],
          [
            4.8442867,
            52.3885409
          ]
        ]
      },
      "id": "way/75919470"
    },
    {
      "type": "Feature",
      "properties": {
        "@id": "way/75928702",
        "carriageway_ref": "Re",
        "disused:maxspeed": "100",
        "highway": "motorway",
        "lanes": "2",
        "lit": "yes",
        "maxspeed": "90",
        "maxspeed:type": "sign",
        "name": "Ringweg-West",
        "old_name:-2016-12-13": "Einsteinweg",
        "oneway": "yes",
        "operator": "Rijkswaterstaat",
        "placement": "right_of:1",
        "ref": "A10",
        "source:name": "https://zoek.officielebekendmakingen.nl/gmb-2016-183326.html",
        "surface": "asphalt",
        "survey:date": "2025-01-13",
        "turn:lanes": "through|through;slight_right",
        "zone:traffic": "NL:rural"
      },
      "geometry": {
        "type": "LineString",
        "coordinates": [
          [
            4.8447534,
            52.338024
          ],
          [
            4.8444759,
            52.3380538
          ],
          [
            4.8442283,
            52.3380895
          ],
          [
            4.8440478,
            52.3381252
          ],
          [
            4.8439021,
            52.3381592
          ],
          [
            4.8437178,
            52.3382099
          ],
          [
            4.8435216,
            52.3382755
          ],
          [
            4.8432523,
            52.3383833
          ],
          [
            4.8429979,
            52.3385078
          ],
          [
            4.8427462,
            52.3386585
          ]
        ]
      },
      "id": "way/75928702"
    },
    {
      "type": "Feature",
      "properties": {
        "@id": "way/76024921",
        "bridge": "yes",
        "carriageway_ref": "Re",
        "highway": "motorway",
        "int_ref": "E 35",
        "lanes": "3",
        "layer": "1",
        "lit": "yes",
        "maxspeed": "100",
        "name": "Ringweg-Oost",
        "oneway": "yes",
        "operator": "Rijkswaterstaat",
        "ref": "A10",
        "surface": "asphalt"
      },
      "geometry": {
        "type": "LineString",
        "coordinates": [
          [
            4.9636164,
            52.3524733
          ],
          [
            4.9634553,
            52.3522398
          ]
        ]
      },
      "id": "way/76024921"
    },
    {
      "type": "Feature",
      "properties": {
        "@id": "way/76025453",
        "carriageway_ref": "Li",
        "destination": "Amsterdam-Noord;Purmerend;Zaanstad",
        "destination:int_ref": "E35",
        "destination:ref": "RING A10",
        "hazmat:B": "no",
        "hazmat:C": "no",
        "hazmat:D": "yes",
        "hazmat:E": "yes",
        "highway": "motorway",
        "int_ref": "E 35",
        "lanes": "3",
        "lit": "yes",
        "maxspeed": "100",
        "name": "Ringweg-Noord",
        "oneway": "yes",
        "operator": "Rijkswaterstaat",
        "ref": "A10",
        "surface": "asphalt"
      },
      "geometry": {
        "type": "LineString",
        "coordinates": [
          [
            4.9696348,
            52.3868262
          ],
          [
            4.9693776,
            52.3871365
          ]
        ]
      },
      "id": "way/76025453"
    },
    {
      "type": "Feature",
      "properties": {
        "@id": "way/76232191",
        "carriageway_ref": "Re",
        "highway": "motorway",
        "lanes": "2",
        "lit": "yes",
        "maxspeed": "80",
        "maxspeed:type": "sign",
        "name": "Ringweg-West",
        "old_name:-2016-12-13": "Einsteinweg",
        "oneway": "yes",
        "operator": "Rijkswaterstaat",
        "ref": "A10",
        "source:name": "https://zoek.officielebekendmakingen.nl/gmb-2016-183326.html",
        "surface": "asphalt",
        "zone:traffic": "NL:rural"
      },
      "geometry": {
        "type": "LineString",
        "coordinates": [
          [
            4.8420022,
            52.3394666
          ],
          [
            4.8419465,
            52.3395952
          ],
          [
            4.8418982,
            52.3397308
          ]
        ]
      },
      "id": "way/76232191"
    },
    {
      "type": "Feature",
      "properties": {
        "@id": "way/82955400",
        "carriageway_ref": "Li",
        "highway": "motorway",
        "int_ref": "E 35",
        "lanes": "4",
        "lit": "yes",
        "maxspeed": "100",
        "name": "Ringweg-Noord",
        "note": "rijbaan 2 lanes, weefvak 2 lanes",
        "oneway": "yes",
        "operator": "Rijkswaterstaat",
        "ref": "A10",
        "surface": "asphalt",
        "turn:lanes": "none|none|slight_right|slight_right"
      },
      "geometry": {
        "type": "LineString",
        "coordinates": [
          [
            4.9056561,
            52.4216753
          ],
          [
            4.9045348,
            52.4221872
          ],
          [
            4.9030141,
            52.4228205
          ],
          [
            4.9021781,
            52.4231246
          ],
          [
            4.9012775,
            52.4234197
          ],
          [
            4.9001045,
            52.4237629
          ]
        ]
      },
      "id": "way/82955400"
    },
    {
      "type": "Feature",
      "properties": {
        "@id": "way/82958452",
        "carriageway_ref": "Li",
        "hazmat:B": "no",
        "hazmat:C": "no",
        "hazmat:D": "yes",
        "hazmat:E": "yes",
        "highway": "motorway",
        "int_ref": "E 35",
        "lanes": "2",
        "lit": "yes",
        "maxspeed": "100",
        "maxspeed:type": "sign",
        "name": "Ringweg-Noord",
        "oneway": "yes",
        "operator": "Rijkswaterstaat",
        "ref": "A10",
        "surface": "asphalt",
        "zone:traffic": "NL:rural"
      },
      "geometry": {
        "type": "LineString",
        "coordinates": [
          [
            4.8821434,
            52.4244864
          ],
          [
            4.8817579,
            52.4244138
          ],
          [
            4.8814025,
            52.4243435
          ],
          [
            4.8807487,
            52.4242089
          ],
          [
            4.8801633,
            52.4240777
          ],
          [
            4.8794184,
            52.4238959
          ],
          [
            4.8789288,
            52.4237751
          ],
          [
            4.8781444,
            52.4235884
          ]
        ]
      },
      "id": "way/82958452"
    },
    {
      "type": "Feature",
      "properties": {
        "@id": "way/87949238",
        "carriageway_ref": "Li",
        "highway": "motorway",
        "int_ref": "E 35",
        "lanes": "5",
        "lit": "yes",
        "maxspeed": "100",
        "name": "Ringweg-Oost",
        "oneway": "yes",
        "operator": "Rijkswaterstaat",
        "placement": "right_of:2",
        "ref": "A10",
        "surface": "asphalt"
      },
      "geometry": {
        "type": "LineString",
        "coordinates": [
          [
            4.9207356,
            52.3295053
          ],
          [
            4.9223899,
            52.3300683
          ]
        ]
      },
      "id": "way/87949238"
    },
    {
      "type": "Feature",
      "properties": {
        "@id": "way/111873038",
        "bridge": "yes",
        "carriageway_ref": "Re",
        "destination": "RING-West;Leeuwarden;Zaanstad",
        "destination:int_ref": "E 22",
        "destination:ref": "RING A10",
        "hazmat:B": "no",
        "hazmat:C": "no",
        "hazmat:D": "yes",
        "hazmat:E": "yes",
        "highway": "motorway",
        "int_ref": "E 22",
        "lanes": "3",
        "layer": "1",
        "lit": "yes",
        "maxspeed": "100",
        "name": "Ringweg-West",
        "old_name:-2016-12-13": "Einsteinweg",
        "oneway": "yes",
        "operator": "Rijkswaterstaat",
        "ref": "A10",
        "source:name": "https://zoek.officielebekendmakingen.nl/gmb-2016-183326.html",
        "surface": "asphalt"
      },
      "geometry": {
        "type": "LineString",
        "coordinates": [
          [
            4.8498554,
            52.4008608
          ],
          [
            4.850277,
            52.4012215
          ]
        ]
      },
      "id": "way/111873038"
    },
    {
      "type": "Feature",
      "properties": {
        "@id": "way/123379292",
        "carriageway_ref": "Li",
        "hazmat:B": "no",
        "hazmat:C": "no",
        "hazmat:D": "yes",
        "hazmat:E": "yes",
        "highway": "motorway",
        "int_ref": "E 22",
        "lanes": "2",
        "lit": "yes",
        "maxspeed": "100",
        "name": "Ringweg-Noord",
        "not:name": "Ringweg-West",
        "oneway": "yes",
        "operator": "Rijkswaterstaat",
        "ref": "A10",
        "source:name": "NWB",
        "source:not:name": "https://zoek.officielebekendmakingen.nl/gmb-2016-183326.html",
        "surface": "asphalt",
        "zone:traffic": "NL:rural"
      },
      "geometry": {
        "type": "LineString",
        "coordinates": [
          [
            4.8732099,
            52.4222737
          ],
          [
            4.8730162,
            52.4221949
          ],
          [
            4.8727741,
            52.4220857
          ],
          [
            4.8726133,
            52.4220085
          ],
          [
            4.8724713,
            52.4219364
          ],
          [
            4.8722365,
            52.4218098
          ],
          [
            4.8721028,
            52.4217328
          ],
          [
            4.8718391,
            52.4215736
          ],
          [
            4.8714733,
            52.4213442
          ],
          [
            4.8712455,
            52.4211913
          ],
          [
            4.8709838,
            52.4210133
          ],
          [
            4.8706673,
            52.420782
          ],
          [
            4.8705008,
            52.4206556
          ],
          [
            4.8702152,
            52.420438
          ],
          [
            4.8697827,
            52.42009
          ],
          [
            4.8694876,
            52.4198441
          ],
          [
            4.8692511,
            52.4196405
          ],
          [
            4.8691084,
            52.419513
          ]
        ]
      },
      "id": "way/123379292"
    },
    {
      "type": "Feature",
      "properties": {
        "@id": "way/128965109",
        "carriageway_ref": "Re",
        "embankment": "yes",
        "highway": "motorway",
        "int_ref": "E 22",
        "lanes": "4",
        "lit": "yes",
        "maxspeed": "100",
        "maxspeed:type": "sign",
        "name": "Ringweg-West",
        "old_name:-2016-12-13": "Einsteinweg",
        "oneway": "yes",
        "operator": "Rijkswaterstaat",
        "placement": "middle_of:2",
        "ref": "A10",
        "source:name": "https://zoek.officielebekendmakingen.nl/gmb-2016-183326.html",
        "surface": "asphalt",
        "turn:lanes": "none|none|none|slight_right",
        "zone:traffic": "NL:rural"
      },
      "geometry": {
        "type": "LineString",
        "coordinates": [
          [
            4.8448294,
            52.3955624
          ],
          [
            4.8449982,
            52.3959165
          ],
          [
            4.8452057,
            52.3963024
          ],
          [
            4.845401,
            52.3966221
          ],
          [
            4.8456215,
            52.3969543
          ],
          [
            4.8459034,
            52.3973194
          ],
          [
            4.8461431,
            52.3976106
          ],
          [
            4.8464038,
            52.3978983
          ],
          [
            4.8467088,
            52.3981893
          ],
          [
            4.8469236,
            52.3984176
          ],
          [
            4.8471997,
            52.3986584
          ],
          [
            4.8475959,
            52.3989981
          ],
          [
            4.848765,
            52.3999688
          ]
        ]
      },
      "id": "way/128965109"
    },
    {
      "type": "Feature",
      "properties": {
        "@id": "way/139347139",
        "bridge": "yes",
        "carriageway_ref": "Li",
        "highway": "motorway",
        "int_ref": "E 19",
        "lanes": "4",
        "layer": "1",
        "lit": "yes",
        "maxspeed": "100",
        "name": "Ringweg-Zuid",
        "oneway": "yes",
        "operator": "Rijkswaterstaat",
        "placement": "middle_of:2",
        "ref": "A10",
        "surface": "asphalt",
        "turn:lanes": "none|none|none|merge_to_left"
      },
      "geometry": {
        "type": "LineString",
        "coordinates": [
          [
            4.9162694,
            52.3284781
          ],
          [
            4.9166522,
            52.3285269
          ],
          [
            4.9169182,
            52.3285644
          ]
        ]
      },
      "id": "way/139347139"
    },
    {
      "type": "Feature",
      "properties": {
        "@id": "way/217164330",
        "bridge": "yes",
        "carriageway_ref": "Re",
        "highway": "motorway",
        "int_ref": "E 22",
        "lanes": "4",
        "layer": "1",
        "lit": "yes",
        "maxspeed": "80",
        "maxspeed:type": "sign",
        "name": "Ringweg-West",
        "old_name:-2016-12-13": "Einsteinweg",
        "oneway": "yes",
        "operator": "Rijkswaterstaat",
        "placement": "middle_of:2",
        "ref": "A10",
        "source:name": "https://zoek.officielebekendmakingen.nl/gmb-2016-183326.html",
        "surface": "asphalt",
        "turn:lanes": "none|none|none|slight_right",
        "zone:traffic": "NL:rural"
      },
      "geometry": {
        "type": "LineString",
        "coordinates": [
          [
            4.8447025,
            52.3793393
          ],
          [
            4.8447596,
            52.3795461
          ]
        ]
      },
      "id": "way/217164330"
    },
    {
      "type": "Feature",
      "properties": {
        "@id": "way/217164331",
        "carriageway_ref": "Re",
        "highway": "motorway",
        "int_ref": "E 22",
        "lanes": "3",
        "lit": "yes",
        "maxspeed": "80",
        "name": "Ringweg-West",
        "old_name:-2016-12-13": "Einsteinweg",
        "oneway": "yes",
        "operator": "Rijkswaterstaat",
        "ref": "A10",
        "source:name": "https://zoek.officielebekendmakingen.nl/gmb-2016-183326.html",
        "surface": "asphalt"
      },
      "geometry": {
        "type": "LineString",
        "coordinates": [
          [
            4.8448481,
            52.3799881
          ],
          [
            4.8448639,
            52.3801492
          ],
          [
            4.8449002,
            52.3807255
          ],
          [
            4.8448137,
            52.38259
          ]
        ]
      },
      "id": "way/217164331"
    },
    {
      "type": "Feature",
      "properties": {
        "@id": "way/221205615",
        "bridge": "viaduct",
        "carriageway_ref": "Re",
        "change:lanes": "yes|not_left|not_right|not_left|yes",
        "hazmat:B": "no",
        "hazmat:C": "no",
        "hazmat:D": "yes",
        "hazmat:E": "yes",
        "highway": "motorway",
        "int_ref": "E 22",
        "lanes": "5",
        "layer": "1",
        "lit": "yes",
        "maxspeed": "100",
        "name": "Ringweg-West",
        "note": "officiele naamsverandering weg",
        "old_name:-2016-12-13": "Einsteinweg",
        "oneway": "yes",
        "operator": "Rijkswaterstaat",
        "placement": "middle_of:3",
        "ref": "A10",
        "source:name": "https://zoek.officielebekendmakingen.nl/gmb-2016-183326.html",
        "surface": "asphalt",
        "turn:lanes": "none|none|none|none|merge_to_left",
        "zone:traffic": "NL:rural"
      },
      "geometry": {
        "type": "LineString",
        "coordinates": [
          [
            4.8556616,
            52.4058752
          ],
          [
            4.8561056,
            52.4062517
          ]
        ]
      },
      "id": "way/221205615"
    },
    {
      "type": "Feature",
      "properties": {
        "@id": "way/221205616",
        "access:lanes": "variable|yes|yes|yes",
        "carriageway_ref": "Re",
        "emergency:lanes": "yes|yes|yes|yes",
        "hazmat:B": "no",
        "hazmat:C": "no",
        "hazmat:D": "yes",
        "hazmat:E": "yes",
        "highway": "motorway",
        "int_ref": "E 22",
        "lanes": "4",
        "lit": "yes",
        "maxspeed": "100",
        "maxspeed:type": "sign",
        "name": "Ringweg-West",
        "note": "Linkerrijstrook wordt alleen geopend ter vervanging van een andere rijstrook/wisselbaan. Maximaal 8 van de 10 rijstroken in de Coentunnel zijn tegelijk open.",
        "note:url": "https://www.autoweek.nl/verkeer/waarom-is-de-linker-rijstrook-van-de-coentunnel-altijd-leeg/",
        "old_name:-2016-12-13": "Einsteinweg",
        "oneway": "yes",
        "operator": "Rijkswaterstaat",
        "placement": "middle_of:3",
        "ref": "A10",
        "source:name": "https://zoek.officielebekendmakingen.nl/gmb-2016-183326.html",
        "surface": "asphalt",
        "width": "11",
        "zone:traffic": "NL:rural"
      },
      "geometry": {
        "type": "LineString",
        "coordinates": [
          [
            4.8585191,
            52.4081712
          ],
          [
            4.8585881,
            52.4082223
          ],
          [
            4.8587912,
            52.4083733
          ],
          [
            4.8589319,
            52.4084881
          ],
          [
            4.8593703,
            52.4088337
          ],
          [
            4.8599126,
            52.4092917
          ],
          [
            4.8607741,
            52.4100844
          ],
          [
            4.8612643,
            52.4105776
          ]
        ]
      },
      "id": "way/221205616"
    },
    {
      "type": "Feature",
      "properties": {
        "@id": "way/221205618",
        "carriageway_ref": "Re",
        "hazmat:B": "no",
        "hazmat:C": "no",
        "hazmat:D": "yes",
        "hazmat:E": "yes",
        "highway": "motorway",
        "int_ref": "E 22",
        "lanes": "3",
        "lit": "yes",
        "maxspeed": "100",
        "name": "Ringweg-West",
        "old_name:-2016-12-13": "Einsteinweg",
        "oneway": "yes",
        "operator": "Rijkswaterstaat",
        "ref": "A10",
        "source:name": "https://zoek.officielebekendmakingen.nl/gmb-2016-183326.html",
        "surface": "asphalt"
      },
      "geometry": {
        "type": "LineString",
        "coordinates": [
          [
            4.850277,
            52.4012215
          ],
          [
            4.8517085,
            52.4024632
          ],
          [
            4.8519318,
            52.4026652
          ]
        ]
      },
      "id": "way/221205618"
    },
    {
      "type": "Feature",
      "properties": {
        "@id": "way/221205619",
        "carriageway_ref": "Re",
        "change:lanes": "yes|yes|not_left|yes|yes",
        "hazmat:B": "no",
        "hazmat:C": "no",
        "hazmat:D": "yes",
        "hazmat:E": "yes",
        "highway": "motorway",
        "int_ref": "E 22",
        "lanes": "5",
        "lit": "yes",
        "maxspeed": "100",
        "name": "Ringweg-West",
        "note": "officiele naamsverandering weg",
        "old_name:-2016-12-13": "Einsteinweg",
        "oneway": "yes",
        "operator": "Rijkswaterstaat",
        "placement": "middle_of:4",
        "ref": "A10",
        "source:name": "https://zoek.officielebekendmakingen.nl/gmb-2016-183326.html",
        "surface": "asphalt",
        "turn:lanes": "merge_to_right||||",
        "width": "13",
        "zone:traffic": "NL:rural"
      },
      "geometry": {
        "type": "LineString",
        "coordinates": [
          [
            4.8519318,
            52.4026652
          ],
          [
            4.8530039,
            52.4036057
          ],
          [
            4.8538383,
            52.4043257
          ],
          [
            4.8540436,
            52.4045025
          ]
        ]
      },
      "id": "way/221205619"
    },
    {
      "type": "Feature",
      "properties": {
        "@id": "way/221364027",
        "bridge": "yes",
        "carriageway_ref": "Li",
        "hazmat:B": "no",
        "hazmat:C": "no",
        "hazmat:D": "yes",
        "hazmat:E": "yes",
        "highway": "motorway",
        "int_ref": "E 22",
        "lanes": "2",
        "layer": "1",
        "lit": "yes",
        "maxspeed": "100",
        "name": "Ringweg-Noord",
        "not:name": "Ringweg-West",
        "oneway": "yes",
        "operator": "Rijkswaterstaat",
        "ref": "A10",
        "source:name": "NWB",
        "source:not:name": "https://zoek.officielebekendmakingen.nl/gmb-2016-183326.html",
        "surface": "asphalt"
      },
      "geometry": {
        "type": "LineString",
        "coordinates": [
          [
            4.8736635,
            52.4224405
          ],
          [
            4.873475,
            52.4223745
          ],
          [
            4.8732099,
            52.4222737
          ]
        ]
      },
      "id": "way/221364027"
    },
    {
      "type": "Feature",
      "properties": {
        "@id": "way/221380396",
        "access:lanes": "variable|yes",
        "carriageway_ref": "Li",
        "emergency:lanes": "yes|yes",
        "hazmat:B": "no",
        "hazmat:C": "no",
        "hazmat:D": "yes",
        "hazmat:E": "yes",
        "highway": "motorway",
        "int_ref": "E 22",
        "lanes": "2",
        "lit": "yes",
        "maxspeed": "100",
        "name": "Ringweg-West",
        "note": "Linkerrijstrook wordt alleen geopend ter vervanging van een andere rijstrook/wisselbaan. Maximaal 8 van de 10 rijstroken in de Coentunnel zijn tegelijk open.",
        "note:url": "https://www.autoweek.nl/verkeer/waarom-is-de-linker-rijstrook-van-de-coentunnel-altijd-leeg/",
        "old_name:-2016-12-13": "Einsteinweg",
        "oneway": "yes",
        "operator": "Rijkswaterstaat",
        "ref": "A10",
        "source:name": "https://zoek.officielebekendmakingen.nl/gmb-2016-183326.html",
        "surface": "asphalt",
        "zone:traffic": "NL:rural"
      },
      "geometry": {
        "type": "LineString",
        "coordinates": [
          [
            4.8603759,
            52.4103705
          ],
          [
            4.860078,
            52.4100622
          ],
          [
            4.8597684,
            52.4097639
          ],
          [
            4.8591133,
            52.4091716
          ],
          [
            4.8588021,
            52.408911
          ]
        ]
      },
      "id": "way/221380396"
    },
    {
      "type": "Feature",
      "properties": {
        "@id": "way/254282341",
        "carriageway_ref": "Re",
        "change:lanes": "yes|no",
        "destination": "RING-Noord;Utrecht;Amersfoort;Volendam",
        "destination:int_ref": "E 35",
        "destination:ref": "RING A10",
        "hazmat:B": "no",
        "hazmat:C": "no",
        "hazmat:D": "yes",
        "hazmat:E": "yes",
        "highway": "motorway",
        "int_ref": "E 35",
        "lanes": "2",
        "lit": "yes",
        "maxspeed": "100",
        "maxspeed:type": "sign",
        "motorway": "yes",
        "name": "Ringweg-Noord",
        "oneway": "yes",
        "operator": "Rijkswaterstaat",
        "placement": "transition",
        "ref": "A10",
        "surface": "asphalt",
        "zone:traffic": "NL:rural"
      },
      "geometry": {
        "type": "LineString",
        "coordinates": [
          [
            4.8713666,
            52.4204419
          ],
          [
            4.8720142,
            52.4206948
          ]
        ]
      },
      "id": "way/254282341"
    },
    {
      "type": "Feature",
      "properties": {
        "@id": "way/254282354",
        "carriageway_ref": "Li",
        "highway": "motorway",
        "int_ref": "E 35",
        "lanes": "5",
        "lit": "yes",
        "maxspeed": "100",
        "name": "Ringweg-Oost",
        "oneway": "yes",
        "operator": "Rijkswaterstaat",
        "ref": "A10",
        "surface": "asphalt",
        "turn:lanes": "none|none|none|slight_right|slight_right",
        "width": "14"
      },
      "geometry": {
        "type": "LineString",
        "coordinates": [
          [
            4.9559234,
            52.3438506
          ],
          [
            4.9566749,
            52.3446522
          ],
          [
            4.9574626,
            52.3454566
          ]
        ]
      },
      "id": "way/254282354"
    },
    {
      "type": "Feature",
      "properties": {
        "@id": "way/274383441",
        "carriageway_ref": "Re",
        "change:lanes": "yes|yes|yes|yes|no",
        "highway": "motorway",
        "int_ref": "E 35",
        "lanes": "5",
        "lit": "yes",
        "maxspeed": "100",
        "maxspeed:type": "sign",
        "name": "Ringweg-Oost",
        "oneway": "yes",
        "operator": "Rijkswaterstaat",
        "placement": "right_of:2",
        "ref": "A10",
        "surface": "asphalt",
        "turn:lanes": "none|none|none|merge_to_left|none",
        "zone:traffic": "NL:rural"
      },
      "geometry": {
        "type": "LineString",
        "coordinates": [
          [
            4.9545066,
            52.3426944
          ],
          [
            4.9541858,
            52.3423395
          ],
          [
            4.9538548,
            52.341983
          ],
          [
            4.9534503,
            52.3415761
          ],
          [
            4.9530041,
            52.341179
          ]
        ]
      },
      "id": "way/274383441"
    },
    {
      "type": "Feature",
      "properties": {
        "@id": "way/293658307",
        "bridge": "viaduct",
        "carriageway_ref": "Re",
        "highway": "motorway",
        "int_ref": "E 22",
        "lanes": "4",
        "layer": "1",
        "lit": "yes",
        "maxspeed": "80",
        "maxspeed:type": "sign",
        "name": "Ringweg-West",
        "old_name:-2016-12-13": "Einsteinweg",
        "oneway": "yes",
        "operator": "Rijkswaterstaat",
        "placement": "middle_of:2",
        "ref": "A10",
        "source:name": "https://zoek.officielebekendmakingen.nl/gmb-2016-183326.html",
        "surface": "asphalt",
        "turn:lanes": "none|none|none|slight_right",
        "zone:traffic": "NL:rural"
      },
      "geometry": {
        "type": "LineString",
        "coordinates": [
          [
            4.8446466,
            52.3950765
          ],
          [
            4.8447153,
            52.3952725
          ],
          [
            4.8447667,
            52.3954087
          ]
        ]
      },
      "id": "way/293658307"
    },
    {
      "type": "Feature",
      "properties": {
        "@id": "way/293658314",
        "bridge": "yes",
        "carriageway_ref": "Li",
        "hazmat:B": "no",
        "hazmat:C": "no",
        "hazmat:D": "yes",
        "hazmat:E": "yes",
        "highway": "motorway",
        "int_ref": "E 22",
        "lanes": "1",
        "layer": "1",
        "lit": "yes",
        "maxspeed": "100",
        "name": "Ringweg-West",
        "old_name:-2016-12-13": "Einsteinweg",
        "oneway": "yes",
        "operator": "Rijkswaterstaat",
        "ref": "A10",
        "source:name": "https://zoek.officielebekendmakingen.nl/gmb-2016-183326.html",
        "surface": "asphalt"
      },
      "geometry": {
        "type": "LineString",
        "coordinates": [
          [
            4.8554161,
            52.4062499
          ],
          [
            4.8549993,
            52.4059661
          ]
        ]
      },
      "id": "way/293658314"
    },
    {
      "type": "Feature",
      "properties": {
        "@id": "way/293658315",
        "carriageway_ref": "Li",
        "hazmat:B": "no",
        "hazmat:C": "no",
        "hazmat:D": "yes",
        "hazmat:E": "yes",
        "highway": "motorway",
        "int_ref": "E 22",
        "lanes": "4",
        "lit": "yes",
        "maxspeed": "100",
        "name": "Ringweg-West",
        "old_name:-2016-12-13": "Einsteinweg",
        "oneway": "yes",
        "operator": "Rijkswaterstaat",
        "ref": "A10",
        "source:name": "https://zoek.officielebekendmakingen.nl/gmb-2016-183326.html",
        "surface": "asphalt",
        "turn:lanes": "slight_left|none|none|none"
      },
      "geometry": {
        "type": "LineString",
        "coordinates": [
          [
            4.8534001,
            52.4048581
          ],
          [
            4.8527751,
            52.4043324
          ],
          [
            4.8510251,
            52.4028708
          ]
        ]
      },
      "id": "way/293658315"
    },
    {
      "type": "Feature",
      "properties": {
        "@id": "way/293658510",
        "access:lanes": "variable|variable|yes|yes",
        "carriageway_ref": "Li",
        "change:lanes": "yes|yes|not_left|yes",
        "embankment": "yes",
        "highway": "motorway",
        "int_ref": "E 22",
        "lanes": "4",
        "lit": "yes",
        "maxspeed": "100",
        "maxspeed:type": "sign",
        "name": "Ringweg-West",
        "old_name:-2016-12-13": "Einsteinweg",
        "oneway": "yes",
        "operator": "Rijkswaterstaat",
        "placement": "middle_of:3",
        "ref": "A10",
        "source:name": "https://zoek.officielebekendmakingen.nl/gmb-2016-183326.html",
        "surface": "asphalt",
        "turn:lanes": "merge_to_right|none|none|none",
        "zone:traffic": "NL:rural"
      },
      "geometry": {
        "type": "LineString",
        "coordinates": [
          [
            4.8439575,
            52.3932291
          ],
          [
            4.8439937,
            52.3924628
          ]
        ]
      },
      "id": "way/293658510"
    },
    {
      "type": "Feature",
      "properties": {
        "@id": "way/293851529",
        "carriageway_ref": "Re",
        "destination": "RING-Noord;Utrecht;Amersfoort;Volendam",
        "destination:int_ref": "E 35",
        "destination:ref": "RING A10",
        "hazmat:B": "no",
        "hazmat:C": "no",
        "hazmat:D": "yes",
        "hazmat:E": "yes",
        "highway": "motorway",
        "int_ref": "E 35",
        "lanes": "2",
        "lit": "yes",
        "maxspeed": "100",
        "maxspeed:type": "sign",
        "name": "Ringweg-Noord",
        "oneway": "yes",
        "operator": "Rijkswaterstaat",
        "ref": "A10",
        "surface": "asphalt",
        "zone:traffic": "NL:rural"
      },
      "geometry": {
        "type": "LineString",
        "coordinates": [
          [
            4.8725519,
            52.420922
          ],
          [
            4.8735226,
            52.4213079
          ],
          [
            4.87396,
            52.42145
          ]
        ]
      },
      "id": "way/293851529"
    },
    {
      "type": "Feature",
      "properties": {
        "@id": "way/468857465",
        "carriageway_ref": "Li",
        "highway": "motorway",
        "lanes": "2",
        "lit": "yes",
        "maxspeed": "80",
        "maxspeed:type": "sign",
        "name": "Ringweg-West",
        "old_name:-2016-12-13": "Einsteinweg",
        "oneway": "yes",
        "operator": "Rijkswaterstaat",
        "ref": "A10",
        "source:name": "https://zoek.officielebekendmakingen.nl/gmb-2016-183326.html",
        "surface": "asphalt",
        "zone:traffic": "NL:rural"
      },
      "geometry": {
        "type": "LineString",
        "coordinates": [
          [
            4.8435227,
            52.3373621
          ],
          [
            4.8435919,
            52.3373426
          ],
          [
            4.843665,
            52.3373248
          ],
          [
            4.8437574,
            52.3373023
          ],
          [
            4.8439084,
            52.3372728
          ],
          [
            4.8441748,
            52.3372312
          ]
        ]
      },
      "id": "way/468857465"
    },
    {
      "type": "Feature",
      "properties": {
        "@id": "way/468857468",
        "carriageway_ref": "Li",
        "highway": "motorway",
        "lanes": "2",
        "layer": "-1",
        "lit": "yes",
        "maxspeed": "80",
        "maxspeed:type": "sign",
        "name": "Ringweg-West",
        "old_name:-2016-12-13": "Einsteinweg",
        "oneway": "yes",
        "operator": "Rijkswaterstaat",
        "ref": "A10",
        "source": "mapservices.prorail.nl",
        "source:date": "23-1-2017",
        "source:name": "https://zoek.officielebekendmakingen.nl/gmb-2016-183326.html",
        "surface": "asphalt",
        "tunnel": "yes",
        "zone:traffic": "NL:rural"
      },
      "geometry": {
        "type": "LineString",
        "coordinates": [
          [
            4.8419157,
            52.3381784
          ],
          [
            4.8419661,
            52.3381342
          ],
          [
            4.8420182,
            52.3380907
          ],
          [
            4.842072,
            52.3380479
          ],
          [
            4.8421273,
            52.338006
          ],
          [
            4.8421843,
            52.3379648
          ],
          [
            4.8422428,
            52.3379245
          ],
          [
            4.8423029,
            52.337885
          ],
          [
            4.8423644,
            52.3378463
          ],
          [
            4.8424274,
            52.3378086
          ],
          [
            4.8424919,
            52.3377718
          ],
          [
            4.8425577,
            52.3377359
          ],
          [
            4.8426249,
            52.3377009
          ],
          [
            4.8426934,
            52.3376669
          ],
          [
            4.8427631,
            52.337634
          ],
          [
            4.8428342,
            52.337602
          ],
          [
            4.8429064,
            52.337571
          ],
          [
            4.8429798,
            52.3375411
          ],
          [
            4.8430543,
            52.3375122
          ],
          [
            4.8431299,
            52.3374844
          ],
          [
            4.8432065,
            52.3374577
          ],
          [
            4.8432842,
            52.3374321
          ],
          [
            4.8433628,
            52.3374076
          ],
          [
            4.8434423,
            52.3373843
          ],
          [
            4.8435227,
            52.3373621
          ]
        ]
      },
      "id": "way/468857468"
    },
    {
      "type": "Feature",
      "properties": {
        "@id": "way/474659924",
        "carriageway_ref": "Li",
        "highway": "motorway",
        "int_ref": "E 35",
        "lanes": "4",
        "layer": "1",
        "lit": "yes",
        "maxspeed": "100",
        "name": "Ringweg-Noord",
        "oneway": "yes",
        "operator": "Rijkswaterstaat",
        "ref": "A10",
        "surface": "asphalt",
        "turn:lanes": "none|none|none|slight_right"
      },
      "geometry": {
        "type": "LineString",
        "coordinates": [
          [
            4.9135312,
            52.4182468
          ],
          [
            4.9123483,
            52.4186834
          ]
        ]
      },
      "id": "way/474659924"
    },
    {
      "type": "Feature",
      "properties": {
        "@id": "way/474659925",
        "bridge": "yes",
        "carriageway_ref": "Re",
        "highway": "motorway",
        "int_ref": "E 35",
        "lanes": "4",
        "layer": "1",
        "lit": "yes",
        "maxspeed": "100",
        "name": "Ringweg-Noord",
        "oneway": "yes",
        "operator": "Rijkswaterstaat",
        "placement": "middle_of:2",
        "ref": "A10",
        "surface": "asphalt",
        "turn:lanes": "none|none|none|merge_to_left"
      },
      "geometry": {
        "type": "LineString",
        "coordinates": [
          [
            4.9134605,
            52.4180764
          ],
          [
            4.9143369,
            52.4177672
          ]
        ]
      },
      "id": "way/474659925"
    },
    {
      "type": "Feature",
      "properties": {
        "@id": "way/486782034",
        "carriageway_ref": "Li",
        "disused:maxspeed": "100",
        "highway": "motorway",
        "int_ref": "E 19",
        "lanes": "4",
        "lit": "yes",
        "maxspeed": "90",
        "maxspeed:type": "sign",
        "name": "Ringweg-Zuid",
        "oneway": "yes",
        "operator": "Rijkswaterstaat",
        "placement": "right_of:2",
        "ref": "A10",
        "surface": "asphalt",
        "survey:date": "2025-01-27",
        "zone:traffic": "NL:rural"
      },
      "geometry": {
        "type": "LineString",
        "coordinates": [
          [
            4.8770801,
            52.3385853
          ],
          [
            4.8790267,
            52.338588
          ],
          [
            4.8816208,
            52.3385493
          ],
          [
            4.8821573,
            52.3385373
          ],
          [
            4.8826626,
            52.3385207
          ],
          [
            4.8831089,
            52.3385012
          ],
          [
            4.8834886,
            52.3384751
          ],
          [
            4.8837687,
            52.3384539
          ],
          [
            4.8840501,
            52.3384246
          ],
          [
            4.8843641,
            52.3383861
          ],
          [
            4.8846857,
            52.3383426
          ],
          [
            4.8850491,
            52.3382906
          ],
          [
            4.8854453,
            52.338221
          ],
          [
            4.8858264,
            52.3381377
          ],
          [
            4.886192,
            52.3380543
          ],
          [
            4.8866395,
            52.3379404
          ],
          [
            4.8870699,
            52.3378175
          ],
          [
            4.8874811,
            52.3376871
          ],
          [
            4.8879478,
            52.3375203
          ],
          [
            4.8883765,
            52.337349
          ],
          [
            4.888699,
            52.3372115
          ]
        ]
      },
      "id": "way/486782034"
    },
    {
      "type": "Feature",
      "properties": {
        "@id": "way/489140280",
        "carriageway_ref": "Re",
        "highway": "motorway",
        "int_ref": "E 22",
        "lanes": "4",
        "lit": "yes",
        "maxspeed": "80",
        "maxspeed:type": "sign",
        "name": "Ringweg-West",
        "old_name:-2016-12-13": "Einsteinweg",
        "oneway": "yes",
        "operator": "Rijkswaterstaat",
        "placement": "middle_of:2",
        "ref": "A10",
        "source:name": "https://zoek.officielebekendmakingen.nl/gmb-2016-183326.html",
        "surface": "asphalt",
        "turn:lanes": "none|none|none|slight_right",
        "zone:traffic": "NL:rural"
      },
      "geometry": {
        "type": "LineString",
        "coordinates": [
          [
            4.8447596,
            52.3795461
          ],
          [
            4.8448481,
            52.3799881
          ]
        ]
      },
      "id": "way/489140280"
    },
    {
      "type": "Feature",
      "properties": {
        "@id": "way/491212932",
        "carriageway_ref": "Re",
        "disused:maxspeed": "100",
        "highway": "motorway",
        "int_ref": "E 19",
        "lanes": "5",
        "lit": "yes",
        "maxspeed": "90",
        "maxspeed:type": "sign",
        "name": "Ringweg-Zuid",
        "oneway": "yes",
        "operator": "Rijkswaterstaat",
        "placement": "middle_of:3",
        "ref": "A10",
        "surface": "asphalt",
        "survey:date": "2025-01-27",
        "turn:lanes": "none|none|none|slight_right|slight_right",
        "zone:traffic": "NL:rural"
      },
      "geometry": {
        "type": "LineString",
        "coordinates": [
          [
            4.846106,
            52.3379827
          ],
          [
            4.8458625,
            52.3379707
          ],
          [
            4.8456818,
            52.3379635
          ],
          [
            4.8454993,
            52.3379604
          ]
        ]
      },
      "id": "way/491212932"
    },
    {
      "type": "Feature",
      "properties": {
        "@id": "way/491573231",
        "carriageway_ref": "Re",
        "highway": "motorway",
        "int_ref": "E 22",
        "lanes": "3",
        "lit": "yes",
        "maxspeed": "80",
        "maxspeed:type": "sign",
        "name": "Ringweg-West",
        "old_name:-2016-12-13": "Einsteinweg",
        "oneway": "yes",
        "operator": "Rijkswaterstaat",
        "ref": "A10",
        "source:name": "https://zoek.officielebekendmakingen.nl/gmb-2016-183326.html",
        "surface": "asphalt",
        "zone:traffic": "NL:rural"
      },
      "geometry": {
        "type": "LineString",
        "coordinates": [
          [
            4.8411269,
            52.3470698
          ],
          [
            4.8411767,
            52.347418
          ],
          [
            4.8412692,
            52.3478547
          ],
          [
            4.8413409,
            52.3481134
          ],
          [
            4.8414387,
            52.348396
          ]
        ]
      },
      "id": "way/491573231"
    },
    {
      "type": "Feature",
      "properties": {
        "@id": "way/491573232",
        "carriageway_ref": "Re",
        "highway": "motorway",
        "int_ref": "E 22",
        "lanes": "4",
        "lit": "yes",
        "maxspeed": "80",
        "maxspeed:type": "sign",
        "name": "Ringweg-West",
        "old_name:-2016-12-13": "Einsteinweg",
        "oneway": "yes",
        "operator": "Rijkswaterstaat",
        "placement": "middle_of:2",
        "ref": "A10",
        "source:name": "https://zoek.officielebekendmakingen.nl/gmb-2016-183326.html",
        "surface": "asphalt",
        "turn:lanes": "none|none|none|slight_right",
        "zone:traffic": "NL:rural"
      },
      "geometry": {
        "type": "LineString",
        "coordinates": [
          [
            4.8417986,
            52.3492169
          ],
          [
            4.8421406,
            52.3499244
          ]
        ]
      },
      "id": "way/491573232"
    },
    {
      "type": "Feature",
      "properties": {
        "@id": "way/491573234",
        "carriageway_ref": "Li",
        "destination:lanes": "Rotterdam;Den Haag;Schiphol|Rotterdam;Den Haag;Schiphol|Hengelo;Utrecht|Hengelo;Utrecht|Amsterdam-Slotervaart;Amsterdam-Oud Zuid",
        "destination:ref:lanes": "A4|A4|A10|A10|S107",
        "highway": "motorway",
        "int_ref": "E 22",
        "lanes": "5",
        "lit": "yes",
        "maxspeed": "80",
        "maxspeed:type": "sign",
        "name": "Ringweg-West",
        "old_name:-2016-12-13": "Einsteinweg",
        "oneway": "yes",
        "operator": "Rijkswaterstaat",
        "placement": "right_of:2",
        "ref": "A10",
        "source:name": "https://zoek.officielebekendmakingen.nl/gmb-2016-183326.html",
        "surface": "asphalt",
        "turn:lanes": "through|through|slight_right|slight_right|right",
        "zone:traffic": "NL:rural"
      },
      "geometry": {
        "type": "LineString",
        "coordinates": [
          [
            4.8422032,
            52.3506932
          ],
          [
            4.8420196,
            52.3502186
          ]
        ]
      },
      "id": "way/491573234"
    },
    {
      "type": "Feature",
      "properties": {
        "@id": "way/491573236",
        "carriageway_ref": "Re",
        "highway": "motorway",
        "lanes": "3",
        "lit": "yes",
        "maxspeed": "80",
        "maxspeed:type": "sign",
        "name": "Ringweg-West",
        "old_name:-2016-12-13": "Einsteinweg",
        "oneway": "yes",
        "operator": "Rijkswaterstaat",
        "placement": "right_of:1",
        "ref": "A10",
        "source:name": "https://zoek.officielebekendmakingen.nl/gmb-2016-183326.html",
        "surface": "asphalt",
        "survey:date": "2025-01-13",
        "turn:lanes": "through|through|slight_right",
        "zone:traffic": "NL:rural"
      },
      "geometry": {
        "type": "LineString",
        "coordinates": [
          [
            4.8427462,
            52.3386585
          ],
          [
            4.842606,
            52.3387551
          ],
          [
            4.8423939,
            52.3389331
          ],
          [
            4.8421648,
            52.3392062
          ],
          [
            4.8420022,
            52.3394666
          ]
        ]
      },
      "id": "way/491573236"
    },
    {
      "type": "Feature",
      "properties": {
        "@id": "way/491573242",
        "bridge": "yes",
        "carriageway_ref": "Re",
        "highway": "motorway",
        "int_ref": "E 22",
        "lanes": "4",
        "layer": "1",
        "lit": "yes",
        "maxspeed": "100",
        "maxspeed:type": "sign",
        "name": "Ringweg-West",
        "old_name:-2016-12-13": "Einsteinweg",
        "oneway": "yes",
        "operator": "Rijkswaterstaat",
        "placement": "middle_of:2",
        "ref": "A10",
        "source:name": "https://zoek.officielebekendmakingen.nl/gmb-2016-183326.html",
        "surface": "asphalt",
        "turn:lanes": "none|none|none|slight_right",
        "zone:traffic": "NL:rural"
      },
      "geometry": {
        "type": "LineString",
        "coordinates": [
          [
            4.848765,
            52.3999688
          ],
          [
            4.8498554,
            52.4008608
          ]
        ]
      },
      "id": "way/491573242"
    },
    {
      "type": "Feature",
      "properties": {
        "@id": "way/491573243",
        "carriageway_ref": "Li",
        "highway": "motorway",
        "int_ref": "E 22",
        "lanes": "4",
        "lit": "yes",
        "maxspeed": "100",
        "maxspeed:type": "sign",
        "name": "Ringweg-West",
        "old_name:-2016-12-13": "Einsteinweg",
        "oneway": "yes",
        "operator": "Rijkswaterstaat",
        "placement": "middle_of:2",
        "ref": "A10",
        "source:name": "https://zoek.officielebekendmakingen.nl/gmb-2016-183326.html",
        "surface": "asphalt",
        "zone:traffic": "NL:rural"
      },
      "geometry": {
        "type": "LineString",
        "coordinates": [
          [
            4.8479531,
            52.400363
          ],
          [
            4.8473461,
            52.3998615
          ]
        ]
      },
      "id": "way/491573243"
    },
    {
      "type": "Feature",
      "properties": {
        "@id": "way/491573244",
        "bridge": "viaduct",
        "carriageway_ref": "Li",
        "highway": "motorway",
        "int_ref": "E 22",
        "lanes": "4",
        "layer": "1",
        "lit": "yes",
        "maxspeed": "100",
        "maxspeed:type": "sign",
        "name": "Ringweg-West",
        "old_name:-2016-12-13": "Einsteinweg",
        "oneway": "yes",
        "operator": "Rijkswaterstaat",
        "placement": "middle_of:2",
        "ref": "A10",
        "source:name": "https://zoek.officielebekendmakingen.nl/gmb-2016-183326.html",
        "surface": "asphalt",
        "zone:traffic": "NL:rural"
      },
      "geometry": {
        "type": "LineString",
        "coordinates": [
          [
            4.8491045,
            52.4013149
          ],
          [
            4.8479531,
            52.400363
          ]
        ]
      },
      "id": "way/491573244"
    },
    {
      "type": "Feature",
      "properties": {
        "@id": "way/491574922",
        "carriageway_ref": "Re",
        "highway": "motorway",
        "int_ref": "E 22",
        "lanes": "3",
        "lit": "yes",
        "maxspeed": "80",
        "maxspeed:type": "sign",
        "name": "Ringweg-West",
        "old_name:-2016-12-13": "Einsteinweg",
        "oneway": "yes",
        "operator": "Rijkswaterstaat",
        "ref": "A10",
        "source:name": "https://zoek.officielebekendmakingen.nl/gmb-2016-183326.html",
        "surface": "asphalt",
        "zone:traffic": "NL:rural"
      },
      "geometry": {
        "type": "LineString",
        "coordinates": [
          [
            4.8427012,
            52.3544849
          ],
          [
            4.8426554,
            52.3557969
          ]
        ]
      },
      "id": "way/491574922"
    },
    {
      "type": "Feature",
      "properties": {
        "@id": "way/491578741",
        "access:lanes": "variable|variable|yes|yes",
        "carriageway_ref": "Li",
        "change:lanes": "yes|yes|not_left|yes",
        "embankment": "yes",
        "highway": "motorway",
        "int_ref": "E 22",
        "lanes": "4",
        "lit": "yes",
        "maxspeed": "80",
        "maxspeed:type": "sign",
        "name": "Ringweg-West",
        "old_name:-2016-12-13": "Einsteinweg",
        "oneway": "yes",
        "operator": "Rijkswaterstaat",
        "placement": "middle_of:3",
        "ref": "A10",
        "source:name": "https://zoek.officielebekendmakingen.nl/gmb-2016-183326.html",
        "surface": "asphalt",
        "turn:lanes": "merge_to_right|none|none|none",
        "zone:traffic": "NL:rural"
      },
      "geometry": {
        "type": "LineString",
        "coordinates": [
          [
            4.8439937,
            52.3924628
          ],
          [
            4.8440054,
            52.3921965
          ]
        ]
      },
      "id": "way/491578741"
    },
    {
      "type": "Feature",
      "properties": {
        "@id": "way/491578742",
        "carriageway_ref": "Re",
        "highway": "motorway",
        "int_ref": "E 22",
        "lanes": "4",
        "lit": "yes",
        "maxspeed": "80",
        "maxspeed:type": "sign",
        "name": "Ringweg-West",
        "old_name:-2016-12-13": "Einsteinweg",
        "oneway": "yes",
        "operator": "Rijkswaterstaat",
        "placement": "middle_of:2",
        "ref": "A10",
        "source:name": "https://zoek.officielebekendmakingen.nl/gmb-2016-183326.html",
        "surface": "asphalt",
        "turn:lanes": "none|none|merge_to_left|none",
        "zone:traffic": "NL:rural"
      },
      "geometry": {
        "type": "LineString",
        "coordinates": [
          [
            4.8417182,
            52.3401358
          ],
          [
            4.8415476,
            52.3411081
          ],
          [
            4.8414781,
            52.3415873
          ]
        ]
      },
      "id": "way/491578742"
    },
    {
      "type": "Feature",
      "properties": {
        "@id": "way/491581474",
        "carriageway_ref": "Re",
        "change:lanes": "yes|not_right|yes|yes",
        "highway": "motorway",
        "int_ref": "E 22",
        "lanes": "4",
        "lit": "yes",
        "maxspeed": "80",
        "maxspeed:type": "sign",
        "name": "Ringweg-West",
        "note": "naamsverandering zie https://zoek.officielebekendmakingen.nl/gmb-2016-183326.html",
        "old_name:-2016-12-13": "Einsteinweg",
        "oneway": "yes",
        "operator": "Rijkswaterstaat",
        "placement": "middle_of:2",
        "ref": "A10",
        "source:name": "https://zoek.officielebekendmakingen.nl/gmb-2016-183326.html",
        "surface": "asphalt",
        "turn:lanes": "none|none|none|merge_to_left",
        "zone:traffic": "NL:rural"
      },
      "geometry": {
        "type": "LineString",
        "coordinates": [
          [
            4.8433851,
            52.376025
          ],
          [
            4.84357,
            52.3764506
          ]
        ]
      },
      "id": "way/491581474"
    },
    {
      "type": "Feature",
      "properties": {
        "@id": "way/491581475",
        "carriageway_ref": "Li",
        "highway": "motorway",
        "int_ref": "E 22",
        "lanes": "4",
        "lit": "yes",
        "maxspeed": "80",
        "maxspeed:type": "sign",
        "name": "Ringweg-West",
        "note": "naamsverandering zie https://zoek.officielebekendmakingen.nl/gmb-2016-183326.html",
        "old_name:-2016-12-13": "Einsteinweg",
        "oneway": "yes",
        "operator": "Rijkswaterstaat",
        "placement": "middle_of:2",
        "ref": "A10",
        "source:name": "https://zoek.officielebekendmakingen.nl/gmb-2016-183326.html",
        "surface": "asphalt",
        "turn:lanes": "none|none|none|slight_right",
        "zone:traffic": "NL:rural"
      },
      "geometry": {
        "type": "LineString",
        "coordinates": [
          [
            4.8430561,
            52.3757674
          ],
          [
            4.8429986,
            52.375622
          ]
        ]
      },
      "id": "way/491581475"
    },
    {
      "type": "Feature",
      "properties": {
        "@id": "way/491586073",
        "carriageway_ref": "Li",
        "highway": "motorway",
        "int_ref": "E 22",
        "lanes": "4",
        "lit": "yes",
        "maxspeed": "80",
        "maxspeed:type": "sign",
        "name": "Ringweg-West",
        "note": "naamsverandering zie https://zoek.officielebekendmakingen.nl/gmb-2016-183326.html",
        "old_name:-2016-12-13": "Einsteinweg",
        "oneway": "yes",
        "operator": "Rijkswaterstaat",
        "placement": "middle_of:2",
        "ref": "A10",
        "source:name": "https://zoek.officielebekendmakingen.nl/gmb-2016-183326.html",
        "surface": "asphalt",
        "turn:lanes": "none|none|none|slight_right",
        "zone:traffic": "NL:rural"
      },
      "geometry": {
        "type": "LineString",
        "coordinates": [
          [
            4.8434183,
            52.3766277
          ],
          [
            4.8430561,
            52.3757674
          ]
        ]
      },
      "id": "way/491586073"
    },
    {
      "type": "Feature",
      "properties": {
        "@id": "way/491586074",
        "carriageway_ref": "Li",
        "highway": "motorway",
        "int_ref": "E 22",
        "lanes": "4",
        "lit": "yes",
        "maxspeed": "80",
        "maxspeed:type": "sign",
        "name": "Ringweg-West",
        "note": "naamsverandering zie https://zoek.officielebekendmakingen.nl/gmb-2016-183326.html",
        "old_name:-2016-12-13": "Einsteinweg",
        "oneway": "yes",
        "operator": "Rijkswaterstaat",
        "placement": "middle_of:2",
        "ref": "A10",
        "source:name": "https://zoek.officielebekendmakingen.nl/gmb-2016-183326.html",
        "surface": "asphalt",
        "turn:lanes": "none|none|none|slight_right",
        "zone:traffic": "NL:rural"
      },
      "geometry": {
        "type": "LineString",
        "coordinates": [
          [
            4.8427992,
            52.3751398
          ],
          [
            4.8426791,
            52.3748734
          ]
        ]
      },
      "id": "way/491586074"
    },
    {
      "type": "Feature",
      "properties": {
        "@id": "way/491586076",
        "carriageway_ref": "Re",
        "highway": "motorway",
        "int_ref": "E 22",
        "lanes": "4",
        "lit": "yes",
        "maxspeed": "80",
        "maxspeed:type": "sign",
        "name": "Ringweg-West",
        "old_name:-2016-12-13": "Einsteinweg",
        "oneway": "yes",
        "operator": "Rijkswaterstaat",
        "placement": "middle_of:2",
        "ref": "A10",
        "source:name": "https://zoek.officielebekendmakingen.nl/gmb-2016-183326.html",
        "surface": "asphalt",
        "turn:lanes": "none|none|none|slight_right",
        "zone:traffic": "NL:rural"
      },
      "geometry": {
        "type": "LineString",
        "coordinates": [
          [
            4.8445864,
            52.3789505
          ],
          [
            4.8447025,
            52.3793393
          ]
        ]
      },
      "id": "way/491586076"
    },
    {
      "type": "Feature",
      "properties": {
        "@id": "way/491586081",
        "carriageway_ref": "Li",
        "embankment": "yes",
        "highway": "motorway",
        "int_ref": "E 22",
        "lanes": "4",
        "lit": "yes",
        "lit:indirect": "yes",
        "maxspeed": "80",
        "maxspeed:type": "sign",
        "name": "Ringweg-West",
        "note": "https://zoek.officielebekendmakingen.nl/gmb-2016-183326.html",
        "old_name:-2016-12-13": "Einsteinweg",
        "oneway": "yes",
        "operator": "Rijkswaterstaat",
        "placement": "middle_of:2",
        "ref": "A10",
        "source:name": "https://zoek.officielebekendmakingen.nl/gmb-2016-183326.html",
        "surface": "asphalt",
        "turn:lanes": "none|none|none|slight_right",
        "zone:traffic": "NL:rural"
      },
      "geometry": {
        "type": "LineString",
        "coordinates": [
          [
            4.8422369,
            52.3630624
          ],
          [
            4.8422479,
            52.3625656
          ]
        ]
      },
      "id": "way/491586081"
    },
    {
      "type": "Feature",
      "properties": {
        "@id": "way/491586085",
        "carriageway_ref": "Re",
        "embankment": "yes",
        "highway": "motorway",
        "int_ref": "E 22",
        "lanes": "4",
        "lit": "yes",
        "lit:indirect": "yes",
        "maxspeed": "80",
        "maxspeed:type": "sign",
        "name": "Ringweg-West",
        "note": "https://zoek.officielebekendmakingen.nl/gmb-2016-183326.html",
        "old_name:-2016-12-13": "Einsteinweg",
        "oneway": "yes",
        "operator": "Rijkswaterstaat",
        "placement": "middle_of:2",
        "ref": "A10",
        "source:name": "https://zoek.officielebekendmakingen.nl/gmb-2016-183326.html",
        "surface": "asphalt",
        "turn:lanes": "none|none|none|slight_right",
        "zone:traffic": "NL:rural"
      },
      "geometry": {
        "type": "LineString",
        "coordinates": [
          [
            4.8424818,
            52.3618171
          ],
          [
            4.8424667,
            52.362383
          ],
          [
            4.8424506,
            52.3628539
          ]
        ]
      },
      "id": "way/491586085"
    },
    {
      "type": "Feature",
      "properties": {
        "@id": "way/491586088",
        "carriageway_ref": "Re",
        "highway": "motorway",
        "int_ref": "E 22",
        "lanes": "3",
        "lit": "yes",
        "maxspeed": "80",
        "maxspeed:type": "sign",
        "name": "Ringweg-West",
        "old_name:-2016-12-13": "Einsteinweg",
        "oneway": "yes",
        "operator": "Rijkswaterstaat",
        "ref": "A10",
        "source:name": "https://zoek.officielebekendmakingen.nl/gmb-2016-183326.html",
        "surface": "asphalt",
        "zone:traffic": "NL:rural"
      },
      "geometry": {
        "type": "LineString",
        "coordinates": [
          [
            4.842552,
            52.3595331
          ],
          [
            4.8425212,
            52.3606322
          ],
          [
            4.8425007,
            52.3612219
          ]
        ]
      },
      "id": "way/491586088"
    },
    {
      "type": "Feature",
      "properties": {
        "@id": "way/491586090",
        "carriageway_ref": "Re",
        "highway": "motorway",
        "int_ref": "E 22",
        "lanes": "4",
        "lit": "yes",
        "lit:indirect": "yes",
        "maxspeed": "80",
        "maxspeed:type": "sign",
        "name": "Ringweg-West",
        "note": "naamsverandering, zie https://zoek.officielebekendmakingen.nl/gmb-2016-183326.html",
        "old_name:-2016-12-13": "Einsteinweg",
        "oneway": "yes",
        "operator": "Rijkswaterstaat",
        "placement": "middle_of:2",
        "ref": "A10",
        "source:name": "https://zoek.officielebekendmakingen.nl/gmb-2016-183326.html",
        "surface": "asphalt",
        "turn:lanes": "none|none|none|slight_right",
        "zone:traffic": "NL:rural"
      },
      "geometry": {
        "type": "LineString",
        "coordinates": [
          [
            4.8423633,
            52.365956
          ],
          [
            4.8423157,
            52.3677533
          ]
        ]
      },
      "id": "way/491586090"
    },
    {
      "type": "Feature",
      "properties": {
        "@id": "way/491586092",
        "carriageway_ref": "Re",
        "highway": "motorway",
        "int_ref": "E 22",
        "lanes": "3",
        "lit": "yes",
        "lit:indirect": "yes",
        "maxspeed": "80",
        "maxspeed:type": "sign",
        "name": "Ringweg-West",
        "note": "naamsverandering, zie https://zoek.officielebekendmakingen.nl/gmb-2016-183326.html",
        "old_name:-2016-12-13": "Einsteinweg",
        "oneway": "yes",
        "operator": "Rijkswaterstaat",
        "ref": "A10",
        "source:name": "https://zoek.officielebekendmakingen.nl/gmb-2016-183326.html",
        "surface": "asphalt",
        "zone:traffic": "NL:rural"
      },
      "geometry": {
        "type": "LineString",
        "coordinates": [
          [
            4.8423157,
            52.3677533
          ],
          [
            4.842269,
            52.369119
          ]
        ]
      },
      "id": "way/491586092"
    },
    {
      "type": "Feature",
      "properties": {
        "@id": "way/491586100",
        "carriageway_ref": "Li",
        "change:lanes": "yes|not_right|yes|yes",
        "highway": "motorway",
        "int_ref": "E 22",
        "lanes": "4",
        "lit": "yes",
        "lit:indirect": "yes",
        "maxspeed": "80",
        "maxspeed:type": "sign",
        "name": "Ringweg-West",
        "note": "naamsverandering, zie https://zoek.officielebekendmakingen.nl/gmb-2016-183326.html",
        "old_name:-2016-12-13": "Einsteinweg",
        "oneway": "yes",
        "operator": "Rijkswaterstaat",
        "placement": "middle_of:2",
        "ref": "A10",
        "source:name": "https://zoek.officielebekendmakingen.nl/gmb-2016-183326.html",
        "surface": "asphalt",
        "turn:lanes": "none|none|none|slight_right",
        "zone:traffic": "NL:rural"
      },
      "geometry": {
        "type": "LineString",
        "coordinates": [
          [
            4.8420999,
            52.3677143
          ],
          [
            4.842136,
            52.3665106
          ],
          [
            4.8421506,
            52.3659534
          ]
        ]
      },
      "id": "way/491586100"
    },
    {
      "type": "Feature",
      "properties": {
        "@id": "way/491586101",
        "carriageway_ref": "Li",
        "change:lanes": "yes|not_right|yes",
        "highway": "motorway",
        "int_ref": "E 22",
        "lanes": "3",
        "lit": "yes",
        "lit:indirect": "yes",
        "maxspeed": "80",
        "maxspeed:type": "sign",
        "name": "Ringweg-West",
        "note": "naamsverandering, zie https://zoek.officielebekendmakingen.nl/gmb-2016-183326.html",
        "old_name:-2016-12-13": "Einsteinweg",
        "oneway": "yes",
        "operator": "Rijkswaterstaat",
        "ref": "A10",
        "source:name": "https://zoek.officielebekendmakingen.nl/gmb-2016-183326.html",
        "surface": "asphalt",
        "zone:traffic": "NL:rural"
      },
      "geometry": {
        "type": "LineString",
        "coordinates": [
          [
            4.8420547,
            52.3691163
          ],
          [
            4.842079,
            52.3683601
          ],
          [
            4.8420999,
            52.3677143
          ]
        ]
      },
      "id": "way/491586101"
    },
    {
      "type": "Feature",
      "properties": {
        "@id": "way/491590642",
        "carriageway_ref": "Li",
        "hazmat:B": "no",
        "hazmat:C": "no",
        "hazmat:D": "yes",
        "hazmat:E": "yes",
        "highway": "motorway",
        "int_ref": "E 22",
        "lanes": "2",
        "lit": "yes",
        "maxspeed": "100",
        "name": "Ringweg-West",
        "old_name:-2016-12-13": "Einsteinweg",
        "oneway": "yes",
        "operator": "Rijkswaterstaat",
        "ref": "A10",
        "source:name": "https://zoek.officielebekendmakingen.nl/gmb-2016-183326.html",
        "surface": "asphalt",
        "turn:lanes": "slight_left|none",
        "width": "6"
      },
      "geometry": {
        "type": "LineString",
        "coordinates": [
          [
            4.8586603,
            52.408794
          ],
          [
            4.8581816,
            52.4084062
          ],
          [
            4.8580599,
            52.4083075
          ],
          [
            4.8572772,
            52.4076815
          ],
          [
            4.8556669,
            52.4064453
          ]
        ]
      },
      "id": "way/491590642"
    },
    {
      "type": "Feature",
      "properties": {
        "@id": "way/491590643",
        "access:lanes": "variable|yes|yes|yes|yes",
        "carriageway_ref": "Re",
        "change:lanes": "yes|not_left|yes|yes|yes",
        "emergency:lanes": "yes|yes|yes|yes|yes",
        "hazmat:B": "no",
        "hazmat:C": "no",
        "hazmat:D": "yes",
        "hazmat:E": "yes",
        "highway": "motorway",
        "int_ref": "E 22",
        "lanes": "5",
        "lit": "yes",
        "maxspeed": "100",
        "maxspeed:type": "sign",
        "name": "Ringweg-West",
        "note": "Linkerrijstrook wordt alleen geopend ter vervanging van een andere rijstrook/wisselbaan. Maximaal 8 van de 10 rijstroken in de Coentunnel zijn tegelijk open.",
        "note:url": "https://www.autoweek.nl/verkeer/waarom-is-de-linker-rijstrook-van-de-coentunnel-altijd-leeg/",
        "old_name:-2016-12-13": "Einsteinweg",
        "oneway": "yes",
        "operator": "Rijkswaterstaat",
        "placement": "middle_of:3",
        "ref": "A10",
        "source:name": "https://zoek.officielebekendmakingen.nl/gmb-2016-183326.html",
        "surface": "asphalt",
        "turn:lanes": "none|none|none|none|merge_to_left",
        "width": "13",
        "zone:traffic": "NL:rural"
      },
      "geometry": {
        "type": "LineString",
        "coordinates": [
          [
            4.8573161,
            52.407232
          ],
          [
            4.8578027,
            52.4076135
          ],
          [
            4.8579201,
            52.4077047
          ]
        ]
      },
      "id": "way/491590643"
    },
    {
      "type": "Feature",
      "properties": {
        "@id": "way/491590647",
        "carriageway_ref": "Li",
        "destination": "RING-West;Utrecht;Schiphol;Amsterdam-Sloterdijk",
        "destination:int_ref": "E 22",
        "destination:ref": "RING A10",
        "destination:symbol": "none;none;airport;none",
        "hazmat:B": "no",
        "hazmat:C": "no",
        "hazmat:D": "yes",
        "hazmat:E": "yes",
        "highway": "motorway",
        "int_ref": "E 22",
        "lanes": "3",
        "lit": "yes",
        "maxspeed": "100",
        "name": "Ringweg-West",
        "old_name:-2016-12-13": "Einsteinweg",
        "oneway": "yes",
        "operator": "Rijkswaterstaat",
        "ref": "A10",
        "source:name": "https://zoek.officielebekendmakingen.nl/gmb-2016-183326.html",
        "surface": "asphalt"
      },
      "geometry": {
        "type": "LineString",
        "coordinates": [
          [
            4.8510251,
            52.4028708
          ],
          [
            4.8494304,
            52.4016054
          ]
        ]
      },
      "id": "way/491590647"
    },
    {
      "type": "Feature",
      "properties": {
        "@id": "way/491590649",
        "access:lanes": "variable|yes|yes|yes",
        "carriageway_ref": "Re",
        "highway": "motorway",
        "int_ref": "E 22",
        "lanes": "4",
        "lit": "yes",
        "maxspeed": "80",
        "maxspeed:type": "sign",
        "name": "Ringweg-West",
        "old_name:-2016-12-13": "Einsteinweg",
        "oneway": "yes",
        "operator": "Rijkswaterstaat",
        "placement": "middle_of:3",
        "ref": "A10",
        "source:name": "https://zoek.officielebekendmakingen.nl/gmb-2016-183326.html",
        "surface": "asphalt",
        "turn:lanes": "slight_left|none|none|none",
        "zone:traffic": "NL:rural"
      },
      "geometry": {
        "type": "LineString",
        "coordinates": [
          [
            4.8443801,
            52.3903527
          ],
          [
            4.844324,
            52.3914289
          ]
        ]
      },
      "id": "way/491590649"
    },
    {
      "type": "Feature",
      "properties": {
        "@id": "way/491592272",
        "carriageway_ref": "Li",
        "highway": "motorway",
        "int_ref": "E 22",
        "lanes": "4",
        "lit": "yes",
        "maxspeed": "80",
        "maxspeed:type": "sign",
        "name": "Ringweg-West",
        "old_name:-2016-12-13": "Einsteinweg",
        "oneway": "yes",
        "operator": "Rijkswaterstaat",
        "placement": "middle_of:2",
        "ref": "A10",
        "source:name": "https://zoek.officielebekendmakingen.nl/gmb-2016-183326.html",
        "surface": "asphalt",
        "turn:lanes": "none|none|none|slight_right",
        "zone:traffic": "NL:rural"
      },
      "geometry": {
        "type": "LineString",
        "coordinates": [
          [
            4.8442867,
            52.3885409
          ],
          [
            4.8443171,
            52.3879301
          ]
        ]
      },
      "id": "way/491592272"
    },
    {
      "type": "Feature",
      "properties": {
        "@id": "way/491592275",
        "carriageway_ref": "Re",
        "change:lanes": "yes|yes|yes|yes|no",
        "highway": "motorway",
        "int_ref": "E 22",
        "lanes": "5",
        "lit": "yes",
        "maxspeed": "80",
        "maxspeed:type": "sign",
        "name": "Ringweg-West",
        "old_name:-2016-12-13": "Einsteinweg",
        "oneway": "yes",
        "operator": "Rijkswaterstaat",
        "placement": "middle_of:2",
        "ref": "A10",
        "source:name": "https://zoek.officielebekendmakingen.nl/gmb-2016-183326.html",
        "surface": "asphalt",
        "turn:lanes": "none|none|none|slight_right|slight_right",
        "zone:traffic": "NL:rural"
      },
      "geometry": {
        "type": "LineString",
        "coordinates": [
          [
            4.8445889,
            52.3866059
          ],
          [
            4.8445237,
            52.3877614
          ],
          [
            4.8444973,
            52.3882577
          ]
        ]
      },
      "id": "way/491592275"
    },
    {
      "type": "Feature",
      "properties": {
        "@id": "way/491592281",
        "bridge": "yes",
        "carriageway_ref": "Re",
        "change:lanes": "yes|yes|yes|yes|no",
        "highway": "motorway",
        "int_ref": "E 22",
        "lanes": "5",
        "layer": "1",
        "lit": "yes",
        "maxspeed": "80",
        "maxspeed:type": "sign",
        "name": "Ringweg-West",
        "old_name:-2016-12-13": "Einsteinweg",
        "oneway": "yes",
        "operator": "Rijkswaterstaat",
        "placement": "middle_of:2",
        "ref": "A10",
        "source:name": "https://zoek.officielebekendmakingen.nl/gmb-2016-183326.html",
        "surface": "asphalt",
        "turn:lanes": "none|none|none|slight_right|slight_right",
        "zone:traffic": "NL:rural"
      },
      "geometry": {
        "type": "LineString",
        "coordinates": [
          [
            4.8444862,
            52.3884967
          ],
          [
            4.8444693,
            52.3887585
          ]
        ]
      },
      "id": "way/491592281"
    },
    {
      "type": "Feature",
      "properties": {
        "@id": "way/494763910",
        "access:lanes": "variable|yes|yes|yes",
        "carriageway_ref": "Re",
        "emergency:lanes": "yes|yes|yes|yes",
        "hazmat:B": "no",
        "hazmat:C": "no",
        "hazmat:D": "yes",
        "hazmat:E": "yes",
        "highway": "motorway",
        "int_ref": "E 22",
        "lanes": "4",
        "lit": "yes",
        "maxspeed": "100",
        "name": "Ringweg-Noord",
        "not:name": "Ringweg-West",
        "note": "Linkerrijstrook wordt alleen geopend ter vervanging van een andere rijstrook/wisselbaan. Maximaal 8 van de 10 rijstroken in de Coentunnel zijn tegelijk open.",
        "note:url": "https://www.autoweek.nl/verkeer/waarom-is-de-linker-rijstrook-van-de-coentunnel-altijd-leeg/",
        "oneway": "yes",
        "operator": "Rijkswaterstaat",
        "placement": "middle_of:3",
        "ref": "A10",
        "source:name": "NWB",
        "source:not:name": "https://zoek.officielebekendmakingen.nl/gmb-2016-183326.html",
        "surface": "asphalt",
        "turn:lanes": "none|none|none|slight_right",
        "zone:traffic": "NL:rural"
      },
      "geometry": {
        "type": "LineString",
        "coordinates": [
          [
            4.8674459,
            52.4170089
          ],
          [
            4.8681771,
            52.4177709
          ],
          [
            4.86887,
            52.4184911
          ]
        ]
      },
      "id": "way/494763910"
    },
    {
      "type": "Feature",
      "properties": {
        "@id": "way/494763912",
        "access:lanes": "variable|yes|yes|yes",
        "carriageway_ref": "Re",
        "covered": "yes",
        "cutting": "yes",
        "emergency:lanes": "yes|yes|yes|yes",
        "hazmat:B": "no",
        "hazmat:C": "no",
        "hazmat:D": "yes",
        "hazmat:E": "yes",
        "highway": "motorway",
        "int_ref": "E 22",
        "lanes": "4",
        "layer": "-1",
        "lit": "yes",
        "maxheight": "4.3",
        "maxspeed": "100",
        "name": "Tweede Coentunnel",
        "name:en": "Second Coen Tunnel",
        "name:nl": "Tweede Coentunnel",
        "not:name": "Ringweg-West",
        "note": "Linkerrijstrook wordt alleen geopend ter vervanging van een andere rijstrook/wisselbaan. Maximaal 8 van de 10 rijstroken in de Coentunnel zijn tegelijk open.",
        "note:url": "https://www.autoweek.nl/verkeer/waarom-is-de-linker-rijstrook-van-de-coentunnel-altijd-leeg/",
        "oneway": "yes",
        "operator": "Rijkswaterstaat",
        "placement": "middle_of:3",
        "ref": "A10",
        "source:name": "NWB",
        "source:not:name": "https://zoek.officielebekendmakingen.nl/gmb-2016-183326.html",
        "surface": "asphalt",
        "wikidata": "Q1974151",
        "wikipedia": "nl:Tweede Coentunnel",
        "zone:traffic": "NL:rural"
      },
      "geometry": {
        "type": "LineString",
        "coordinates": [
          [
            4.8671655,
            52.4167006
          ],
          [
            4.8673433,
            52.4168954
          ]
        ]
      },
      "id": "way/494763912"
    },
    {
      "type": "Feature",
      "properties": {
        "@id": "way/495529526",
        "carriageway_ref": "Li",
        "disused:lanes": "6",
        "disused:maxspeed": "100",
        "disused:turn:lanes": "none|none|none|none|slight_right|slight_right",
        "highway": "motorway",
        "int_ref": "E 19",
        "lanes": "5",
        "lit": "yes",
        "maxspeed": "90",
        "maxspeed:type": "sign",
        "name": "Ringweg-Zuid",
        "oneway": "yes",
        "operator": "Rijkswaterstaat",
        "placement": "middle_of:3",
        "ref": "A10",
        "surface": "asphalt",
        "survey:date": "2025-01-27",
        "turn:lanes": "through|through|through|through;slight_right|slight_right",
        "zone:traffic": "NL:rural"
      },
      "geometry": {
        "type": "LineString",
        "coordinates": [
          [
            4.8580974,
            52.3377892
          ],
          [
            4.8584367,
            52.3378064
          ]
        ]
      },
      "id": "way/495529526"
    },
    {
      "type": "Feature",
      "properties": {
        "@id": "way/495529527",
        "carriageway_ref": "Li",
        "disused:lanes": "6",
        "disused:maxspeed": "100",
        "disused:turn:lanes": "none|none|none|none|slight_right|slight_right",
        "highway": "motorway",
        "int_ref": "E 19",
        "lanes": "5",
        "lit": "yes",
        "maxspeed": "90",
        "maxspeed:type": "sign",
        "name": "Ringweg-Zuid",
        "oneway": "yes",
        "operator": "Rijkswaterstaat",
        "placement": "middle_of:3",
        "ref": "A10",
        "surface": "asphalt",
        "survey:date": "2025-01-27",
        "turn:lanes": "through|through|through|through;slight_right|slight_right",
        "zone:traffic": "NL:rural"
      },
      "geometry": {
        "type": "LineString",
        "coordinates": [
          [
            4.8528623,
            52.3375145
          ],
          [
            4.8535218,
            52.3375475
          ]
        ]
      },
      "id": "way/495529527"
    },
    {
      "type": "Feature",
      "properties": {
        "@id": "way/495530118",
        "carriageway_ref": "Li",
        "disused:maxspeed": "100",
        "highway": "motorway",
        "int_ref": "E 19",
        "lanes": "5",
        "lit": "yes",
        "maxspeed": "90",
        "maxspeed:type": "sign",
        "name": "Ringweg-Zuid",
        "oneway": "yes",
        "operator": "Rijkswaterstaat",
        "placement": "right_of:2",
        "ref": "A10",
        "surface": "asphalt",
        "survey:date": "2025-01-27",
        "turn:lanes": "through|through|through|through;slight_right|slight_right",
        "zone:traffic": "NL:rural"
      },
      "geometry": {
        "type": "LineString",
        "coordinates": [
          [
            4.888699,
            52.3372115
          ],
          [
            4.889763,
            52.3367048
          ]
        ]
      },
      "id": "way/495530118"
    },
    {
      "type": "Feature",
      "properties": {
        "@id": "way/495530119",
        "carriageway_ref": "Li",
        "change:lanes": "yes|yes|yes|yes|no",
        "disused:maxspeed": "100",
        "highway": "motorway",
        "int_ref": "E 19",
        "lanes": "5",
        "lit": "yes",
        "maxspeed": "90",
        "maxspeed:type": "sign",
        "name": "Ringweg-Zuid",
        "oneway": "yes",
        "operator": "Rijkswaterstaat",
        "placement": "right_of:2",
        "ref": "A10",
        "surface": "asphalt",
        "survey:date": "2025-01-27",
        "turn:lanes": "through|through|through|through;slight_right|slight_right",
        "zone:traffic": "NL:rural"
      },
      "geometry": {
        "type": "LineString",
        "coordinates": [
          [
            4.8910085,
            52.3360938
          ],
          [
            4.8914819,
            52.3358598
          ]
        ]
      },
      "id": "way/495530119"
    },
    {
      "type": "Feature",
      "properties": {
        "@id": "way/495530609",
        "carriageway_ref": "Re",
        "change:lanes": "yes|yes|yes|yes|yes|no",
        "highway": "motorway",
        "int_ref": "E 35",
        "lanes": "6",
        "lit": "yes",
        "maxspeed": "100",
        "name": "Ringweg-Oost",
        "oneway": "yes",
        "operator": "Rijkswaterstaat",
        "placement": "right_of:2",
        "ref": "A10",
        "surface": "asphalt",
        "turn:lanes": "none|none|none|none|slight_right|slight_right"
      },
      "geometry": {
        "type": "LineString",
        "coordinates": [
          [
            4.9230704,
            52.3304913
          ],
          [
            4.9212733,
            52.3298733
          ]
        ]
      },
      "id": "way/495530609"
    },
    {
      "type": "Feature",
      "properties": {
        "@id": "way/495532166",
        "carriageway_ref": "Li",
        "highway": "motorway",
        "int_ref": "E 35",
        "lanes": "6",
        "lit": "yes",
        "maxspeed": "100",
        "name": "Ringweg-Oost",
        "oneway": "yes",
        "operator": "Rijkswaterstaat",
        "placement": "right_of:2",
        "ref": "A10",
        "shoulder": "right",
        "smoothness": "excellent",
        "surface": "asphalt",
        "turn:lanes": "none|none|none|none|slight_right|slight_right",
        "width": "23"
      },
      "geometry": {
        "type": "LineString",
        "coordinates": [
          [
            4.9350037,
            52.334401
          ],
          [
            4.936056,
            52.3347634
          ]
        ]
      },
      "id": "way/495532166"
    },
    {
      "type": "Feature",
      "properties": {
        "@id": "way/495532167",
        "carriageway_ref": "Li",
        "highway": "motorway",
        "int_ref": "E 35",
        "lanes": "5",
        "lit": "yes",
        "maxspeed": "100",
        "name": "Ringweg-Oost",
        "oneway": "yes",
        "operator": "Rijkswaterstaat",
        "placement": "right_of:2",
        "ref": "A10",
        "surface": "asphalt",
        "turn:lanes": "none|none|none|none|slight_right"
      },
      "geometry": {
        "type": "LineString",
        "coordinates": [
          [
            4.9223899,
            52.3300683
          ],
          [
            4.9244989,
            52.3307977
          ]
        ]
      },
      "id": "way/495532167"
    },
    {
      "type": "Feature",
      "properties": {
        "@id": "way/495535092",
        "carriageway_ref": "Re",
        "change:lanes": "yes|yes|yes|yes|no",
        "highway": "motorway",
        "int_ref": "E 35",
        "lanes": "5",
        "lit": "yes",
        "maxspeed": "100",
        "name": "Ringweg-Noord",
        "oneway": "yes",
        "operator": "Rijkswaterstaat",
        "ref": "A10",
        "surface": "asphalt",
        "turn:lanes": "none|none|none|slight_right|slight_right"
      },
      "geometry": {
        "type": "LineString",
        "coordinates": [
          [
            4.9646395,
            52.3541697
          ],
          [
            4.9639498,
            52.3530038
          ]
        ]
      },
      "id": "way/495535092"
    },
    {
      "type": "Feature",
      "properties": {
        "@id": "way/495535093",
        "carriageway_ref": "Re",
        "highway": "motorway",
        "int_ref": "E 35",
        "lanes": "4",
        "lit": "yes",
        "maxspeed": "100",
        "name": "Ringweg-Oost",
        "oneway": "yes",
        "operator": "Rijkswaterstaat",
        "ref": "A10",
        "surface": "asphalt",
        "turn:lanes": "none|none|none|slight_right"
      },
      "geometry": {
        "type": "LineString",
        "coordinates": [
          [
            4.9646949,
            52.3542633
          ],
          [
            4.9646395,
            52.3541697
          ]
        ]
      },
      "id": "way/495535093"
    },
    {
      "type": "Feature",
      "properties": {
        "@id": "way/495535096",
        "carriageway_ref": "Li",
        "change:lanes": "yes|yes|yes|yes|not_left|yes",
        "highway": "motorway",
        "int_ref": "E 35",
        "lanes": "6",
        "lit": "yes",
        "maxspeed": "100",
        "name": "Ringweg-Oost",
        "oneway": "yes",
        "operator": "Rijkswaterstaat",
        "ref": "A10",
        "surface": "asphalt",
        "turn:lanes": "none|none|none|slight_right|slight_right|slight_right"
      },
      "geometry": {
        "type": "LineString",
        "coordinates": [
          [
            4.9574626,
            52.3454566
          ],
          [
            4.9580152,
            52.3459822
          ],
          [
            4.958621,
            52.3465837
          ]
        ]
      },
      "id": "way/495535096"
    },
    {
      "type": "Feature",
      "properties": {
        "@id": "way/495535097",
        "carriageway_ref": "Re",
        "highway": "motorway",
        "int_ref": "E 35",
        "lanes": "5",
        "lit": "yes",
        "maxspeed": "100",
        "name": "Ringweg-Oost",
        "oneway": "yes",
        "operator": "Rijkswaterstaat",
        "placement": "right_of:2",
        "ref": "A10",
        "shoulder": "no",
        "smoothness": "excellent",
        "surface": "asphalt",
        "turn:lanes": "none|none|none|none|slight_right",
        "width": "19"
      },
      "geometry": {
        "type": "LineString",
        "coordinates": [
          [
            4.9481228,
            52.3386825
          ],
          [
            4.9477282,
            52.338578
          ],
          [
            4.9470287,
            52.3383921
          ],
          [
            4.9463259,
            52.3382116
          ],
          [
            4.9449491,
            52.3378778
          ],
          [
            4.9445075,
            52.3377683
          ],
          [
            4.9440589,
            52.3376696
          ],
          [
            4.9431599,
            52.3374684
          ]
        ]
      },
      "id": "way/495535097"
    },
    {
      "type": "Feature",
      "properties": {
        "@id": "way/495536082",
        "carriageway_ref": "Li",
        "hazmat:B": "no",
        "hazmat:C": "no",
        "hazmat:D": "yes",
        "hazmat:E": "yes",
        "highway": "motorway",
        "int_ref": "E 35",
        "lanes": "4",
        "lit": "yes",
        "maxspeed": "100",
        "name": "Ringweg-Noord",
        "oneway": "yes",
        "operator": "Rijkswaterstaat",
        "ref": "A10",
        "surface": "asphalt"
      },
      "geometry": {
        "type": "LineString",
        "coordinates": [
          [
            4.9735007,
            52.3800363
          ],
          [
            4.9733489,
            52.3804918
          ],
          [
            4.9730488,
            52.3812779
          ]
        ]
      },
      "id": "way/495536082"
    },
    {
      "type": "Feature",
      "properties": {
        "@id": "way/495536083",
        "carriageway_ref": "Re",
        "hazmat:B": "no",
        "hazmat:C": "no",
        "hazmat:D": "yes",
        "hazmat:E": "yes",
        "highway": "motorway",
        "int_ref": "E 35",
        "lanes": "4",
        "lit": "yes",
        "maxspeed": "100",
        "name": "Ringweg-Noord",
        "oneway": "yes",
        "operator": "Rijkswaterstaat",
        "ref": "A10",
        "surface": "asphalt",
        "turn:lanes": "none|none|none|slight_right"
      },
      "geometry": {
        "type": "LineString",
        "coordinates": [
          [
            4.972732,
            52.368848
          ],
          [
            4.9722995,
            52.3678731
          ]
        ]
      },
      "id": "way/495536083"
    },
    {
      "type": "Feature",
      "properties": {
        "@id": "way/495536084",
        "carriageway_ref": "Li",
        "highway": "motorway",
        "int_ref": "E 35",
        "lanes": "4",
        "lit": "yes",
        "maxspeed": "100",
        "name": "Ringweg-Noord",
        "oneway": "yes",
        "operator": "Rijkswaterstaat",
        "ref": "A10",
        "surface": "asphalt",
        "turn:lanes": "none|none|none|slight_right"
      },
      "geometry": {
        "type": "LineString",
        "coordinates": [
          [
            4.9654168,
            52.3549246
          ],
          [
            4.965817,
            52.3556658
          ]
        ]
      },
      "id": "way/495536084"
    },
    {
      "type": "Feature",
      "properties": {
        "@id": "way/495536347",
        "carriageway_ref": "Re",
        "highway": "motorway",
        "int_ref": "E 35",
        "lanes": "4",
        "lit": "yes",
        "maxspeed": "100",
        "name": "Ringweg-Noord",
        "oneway": "yes",
        "operator": "Rijkswaterstaat",
        "ref": "A10",
        "surface": "asphalt",
        "turn:lanes": "none|none|none|slight_right"
      },
      "geometry": {
        "type": "LineString",
        "coordinates": [
          [
            4.9635483,
            52.3937162
          ],
          [
            4.9637375,
            52.3934851
          ]
        ]
      },
      "id": "way/495536347"
    },
    {
      "type": "Feature",
      "properties": {
        "@id": "way/495536350",
        "carriageway_ref": "Re",
        "highway": "motorway",
        "int_ref": "E 35",
        "lanes": "4",
        "lit": "yes",
        "maxspeed": "100",
        "name": "Ringweg-Noord",
        "oneway": "yes",
        "operator": "Rijkswaterstaat",
        "ref": "A10",
        "surface": "asphalt",
        "turn:lanes": "none|none|none|slight_right"
      },
      "geometry": {
        "type": "LineString",
        "coordinates": [
          [
            4.9626828,
            52.3947236
          ],
          [
            4.9633207,
            52.3939943
          ]
        ]
      },
      "id": "way/495536350"
    },
    {
      "type": "Feature",
      "properties": {
        "@id": "way/495536525",
        "carriageway_ref": "Li",
        "highway": "motorway",
        "int_ref": "E 35",
        "lanes": "4",
        "lit": "yes",
        "maxspeed": "100",
        "name": "Ringweg-Noord",
        "oneway": "yes",
        "operator": "Rijkswaterstaat",
        "placement": "middle_of:2",
        "ref": "A10",
        "surface": "asphalt",
        "turn:lanes": "none|none|none|slight_right"
      },
      "geometry": {
        "type": "LineString",
        "coordinates": [
          [
            4.9494911,
            52.4039728
          ],
          [
            4.947882,
            52.4046482
          ],
          [
            4.9472217,
            52.4049075
          ]
        ]
      },
      "id": "way/495536525"
    },
    {
      "type": "Feature",
      "properties": {
        "@id": "way/495536526",
        "carriageway_ref": "Li",
        "highway": "motorway",
        "int_ref": "E 35",
        "lanes": "5",
        "lit": "yes",
        "maxspeed": "100",
        "name": "Ringweg-Noord",
        "oneway": "yes",
        "operator": "Rijkswaterstaat",
        "placement": "middle_of:2",
        "ref": "A10",
        "surface": "asphalt",
        "turn:lanes": "none|none|none|slight_right|slight_right"
      },
      "geometry": {
        "type": "LineString",
        "coordinates": [
          [
            4.9472217,
            52.4049075
          ],
          [
            4.9462925,
            52.4052674
          ]
        ]
      },
      "id": "way/495536526"
    },
    {
      "type": "Feature",
      "properties": {
        "@id": "way/495536677",
        "carriageway_ref": "Re",
        "highway": "motorway",
        "int_ref": "E 35",
        "lanes": "3",
        "lit": "yes",
        "maxspeed": "100",
        "name": "Ringweg-Noord",
        "oneway": "yes",
        "operator": "Rijkswaterstaat",
        "ref": "A10",
        "surface": "asphalt"
      },
      "geometry": {
        "type": "LineString",
        "coordinates": [
          [
            4.9243285,
            52.4135691
          ],
          [
            4.9253774,
            52.4130721
          ]
        ]
      },
      "id": "way/495536677"
    },
    {
      "type": "Feature",
      "properties": {
        "@id": "way/495536678",
        "carriageway_ref": "Re",
        "highway": "motorway",
        "int_ref": "E 35",
        "lanes": "5",
        "lit": "yes",
        "maxspeed": "100",
        "name": "Ringweg-Noord",
        "oneway": "yes",
        "operator": "Rijkswaterstaat",
        "ref": "A10",
        "surface": "asphalt",
        "turn:lanes": "none|none|none|slight_right|slight_right"
      },
      "geometry": {
        "type": "LineString",
        "coordinates": [
          [
            4.9308658,
            52.4102845
          ],
          [
            4.9319456,
            52.4097558
          ]
        ]
      },
      "id": "way/495536678"
    },
    {
      "type": "Feature",
      "properties": {
        "@id": "way/495537084",
        "carriageway_ref": "Re",
        "highway": "motorway",
        "int_ref": "E 35",
        "lanes": "4",
        "lit": "yes",
        "maxspeed": "100",
        "name": "Ringweg-Noord",
        "oneway": "yes",
        "operator": "Rijkswaterstaat",
        "ref": "A10",
        "surface": "asphalt",
        "turn:lanes": "none|none|none|slight_right"
      },
      "geometry": {
        "type": "LineString",
        "coordinates": [
          [
            4.9067055,
            52.4209839
          ],
          [
            4.9075143,
            52.4206034
          ]
        ]
      },
      "id": "way/495537084"
    },
    {
      "type": "Feature",
      "properties": {
        "@id": "way/495537085",
        "carriageway_ref": "Re",
        "highway": "motorway",
        "int_ref": "E 35",
        "lanes": "4",
        "lit": "yes",
        "maxspeed": "100",
        "name": "Ringweg-Noord",
        "oneway": "yes",
        "operator": "Rijkswaterstaat",
        "ref": "A10",
        "surface": "asphalt",
        "turn:lanes": "none|none|none|slight_right"
      },
      "geometry": {
        "type": "LineString",
        "coordinates": [
          [
            4.9079105,
            52.4204165
          ],
          [
            4.9086004,
            52.4200973
          ]
        ]
      },
      "id": "way/495537085"
    },
    {
      "type": "Feature",
      "properties": {
        "@id": "way/495537086",
        "carriageway_ref": "Li",
        "highway": "motorway",
        "int_ref": "E 35",
        "lanes": "4",
        "lit": "yes",
        "maxspeed": "100",
        "name": "Ringweg-Noord",
        "oneway": "yes",
        "operator": "Rijkswaterstaat",
        "ref": "A10",
        "surface": "asphalt",
        "turn:lanes": "none|none|none|slight_right"
      },
      "geometry": {
        "type": "LineString",
        "coordinates": [
          [
            4.9145949,
            52.4178629
          ],
          [
            4.9144047,
            52.4179296
          ]
        ]
      },
      "id": "way/495537086"
    },
    {
      "type": "Feature",
      "properties": {
        "@id": "way/651227231",
        "carriageway_ref": "Li",
        "highway": "motorway",
        "int_ref": "E 35",
        "lanes": "3",
        "lit": "yes",
        "maxspeed": "100",
        "name": "Ringweg-Noord",
        "oneway": "yes",
        "operator": "Rijkswaterstaat",
        "ref": "A10",
        "surface": "asphalt"
      },
      "geometry": {
        "type": "LineString",
        "coordinates": [
          [
            4.9310707,
            52.4103709
          ],
          [
            4.9303697,
            52.4107359
          ]
        ]
      },
      "id": "way/651227231"
    },
    {
      "type": "Feature",
      "properties": {
        "@id": "way/679563336",
        "access:lanes": "variable|yes|yes|yes",
        "carriageway_ref": "Re",
        "emergency:lanes": "yes|yes|yes|yes",
        "hazmat:B": "no",
        "hazmat:C": "no",
        "hazmat:D": "yes",
        "hazmat:E": "yes",
        "highway": "motorway",
        "int_ref": "E 22",
        "lanes": "4",
        "lit": "yes",
        "maxspeed": "100",
        "name": "Ringweg-Noord",
        "not:name": "Ringweg-West",
        "note": "Linkerrijstrook wordt alleen geopend ter vervanging van een andere rijstrook/wisselbaan. Maximaal 8 van de 10 rijstroken in de Coentunnel zijn tegelijk open.",
        "note:url": "https://www.autoweek.nl/verkeer/waarom-is-de-linker-rijstrook-van-de-coentunnel-altijd-leeg/",
        "oneway": "yes",
        "operator": "Rijkswaterstaat",
        "placement": "middle_of:3",
        "ref": "A10",
        "source:name": "NWB",
        "source:not:name": "https://zoek.officielebekendmakingen.nl/gmb-2016-183326.html",
        "surface": "asphalt",
        "zone:traffic": "NL:rural"
      },
      "geometry": {
        "type": "LineString",
        "coordinates": [
          [
            4.8673433,
            52.4168954
          ],
          [
            4.8674459,
            52.4170089
          ]
        ]
      },
      "id": "way/679563336"
    },
    {
      "type": "Feature",
      "properties": {
        "@id": "way/679563339",
        "access:lanes": "variable|yes|yes|yes",
        "carriageway_ref": "Re",
        "covered": "yes",
        "cutting": "yes",
        "emergency:lanes": "yes|yes|yes|yes",
        "hazmat:B": "no",
        "hazmat:C": "no",
        "hazmat:D": "yes",
        "hazmat:E": "yes",
        "highway": "motorway",
        "int_ref": "E 22",
        "lanes": "4",
        "layer": "-1",
        "lit": "yes",
        "maxheight": "4.3",
        "maxspeed": "100",
        "name": "Tweede Coentunnel",
        "name:en": "Second Coen Tunnel",
        "name:nl": "Tweede Coentunnel",
        "not:name": "Ringweg-West",
        "note": "Linkerrijstrook wordt alleen geopend ter vervanging van een andere rijstrook/wisselbaan. Maximaal 8 van de 10 rijstroken in de Coentunnel zijn tegelijk open.",
        "note:url": "https://www.autoweek.nl/verkeer/waarom-is-de-linker-rijstrook-van-de-coentunnel-altijd-leeg/",
        "oneway": "yes",
        "operator": "Rijkswaterstaat",
        "placement": "middle_of:3",
        "ref": "A10",
        "source:name": "NWB",
        "source:not:name": "https://zoek.officielebekendmakingen.nl/gmb-2016-183326.html",
        "surface": "asphalt",
        "wikidata": "Q1974151",
        "wikipedia": "nl:Tweede Coentunnel",
        "zone:traffic": "NL:rural"
      },
      "geometry": {
        "type": "LineString",
        "coordinates": [
          [
            4.8612643,
            52.4105776
          ],
          [
            4.861459,
            52.4107802
          ]
        ]
      },
      "id": "way/679563339"
    },
    {
      "type": "Feature",
      "properties": {
        "@id": "way/679563340",
        "access:lanes": "variable|yes",
        "carriageway_ref": "Li",
        "covered": "yes",
        "cutting": "yes",
        "emergency:lanes": "yes|yes",
        "hazmat:B": "no",
        "hazmat:C": "no",
        "hazmat:D": "yes",
        "hazmat:E": "yes",
        "highway": "motorway",
        "int_ref": "E 22",
        "lanes": "2",
        "layer": "-1",
        "lit": "yes",
        "maxheight": "4",
        "maxspeed": "100",
        "name": "Eerste Coentunnel",
        "name:en": "First Coen Tunnel",
        "name:nl": "Eerste Coentunnel",
        "note": "Linkerrijstrook wordt alleen geopend ter vervanging van een andere rijstrook/wisselbaan. Maximaal 8 van de 10 rijstroken in de Coentunnel zijn tegelijk open.",
        "note:url": "https://www.autoweek.nl/verkeer/waarom-is-de-linker-rijstrook-van-de-coentunnel-altijd-leeg/",
        "oneway": "yes",
        "operator": "Rijkswaterstaat",
        "ref": "A10",
        "source:name": "NWB",
        "source:not:name": "https://zoek.officielebekendmakingen.nl/gmb-2016-183326.html",
        "surface": "asphalt",
        "wikidata": "Q1106704",
        "wikipedia": "nl:Coentunnel",
        "zone:traffic": "NL:rural"
      },
      "geometry": {
        "type": "LineString",
        "coordinates": [
          [
            4.8609356,
            52.410962
          ],
          [
            4.8603759,
            52.4103705
          ]
        ]
      },
      "id": "way/679563340"
    },
    {
      "type": "Feature",
      "properties": {
        "@id": "way/702297422",
        "bridge": "yes",
        "carriageway_ref": "Re",
        "change:lanes": "yes|not_left|not_right|no",
        "hazmat:B": "no",
        "hazmat:C": "no",
        "hazmat:D": "yes",
        "hazmat:E": "yes",
        "highway": "motorway",
        "int_ref": "E 22",
        "lanes": "4",
        "layer": "1",
        "lit": "yes",
        "maxspeed": "100",
        "name": "Ringweg-West",
        "note": "officiele naamsverandering weg",
        "old_name:-2016-12-13": "Einsteinweg",
        "oneway": "yes",
        "operator": "Rijkswaterstaat",
        "placement": "middle_of:3",
        "ref": "A10",
        "source:name": "https://zoek.officielebekendmakingen.nl/gmb-2016-183326.html",
        "surface": "asphalt",
        "width": "11",
        "zone:traffic": "NL:rural"
      },
      "geometry": {
        "type": "LineString",
        "coordinates": [
          [
            4.8555018,
            52.4057387
          ],
          [
            4.8556616,
            52.4058752
          ]
        ]
      },
      "id": "way/702297422"
    },
    {
      "type": "Feature",
      "properties": {
        "@id": "way/702297425",
        "carriageway_ref": "Li",
        "hazmat:B": "no",
        "hazmat:C": "no",
        "hazmat:D": "yes",
        "hazmat:E": "yes",
        "highway": "motorway",
        "int_ref": "E 22",
        "lanes": "1",
        "lit": "yes",
        "maxspeed": "100",
        "name": "Ringweg-West",
        "old_name:-2016-12-13": "Einsteinweg",
        "oneway": "yes",
        "operator": "Rijkswaterstaat",
        "ref": "A10",
        "source:name": "https://zoek.officielebekendmakingen.nl/gmb-2016-183326.html",
        "surface": "asphalt"
      },
      "geometry": {
        "type": "LineString",
        "coordinates": [
          [
            4.8549993,
            52.4059661
          ],
          [
            4.8545574,
            52.4056652
          ],
          [
            4.8534001,
            52.4048581
          ]
        ]
      },
      "id": "way/702297425"
    },
    {
      "type": "Feature",
      "properties": {
        "@id": "way/706993022",
        "carriageway_ref": "Re",
        "highway": "motorway",
        "int_ref": "E 19",
        "lanes": "5",
        "lit": "yes",
        "maxspeed": "100",
        "name": "Ringweg-Zuid",
        "oneway": "yes",
        "operator": "Rijkswaterstaat",
        "ref": "A10",
        "surface": "asphalt",
        "turn:lanes": "through|through|through|through;right|right"
      },
      "geometry": {
        "type": "LineString",
        "coordinates": [
          [
            4.8976889,
            52.3338386
          ],
          [
            4.8968831,
            52.3342763
          ],
          [
            4.8965712,
            52.3344208
          ]
        ]
      },
      "id": "way/706993022"
    },
    {
      "type": "Feature",
      "properties": {
        "@id": "way/722735365",
        "bridge": "yes",
        "carriageway_ref": "Li",
        "highway": "motorway",
        "int_ref": "E 35",
        "lanes": "6",
        "layer": "1",
        "lit": "yes",
        "maxspeed": "100",
        "name": "Ringweg-Oost",
        "oneway": "yes",
        "operator": "Rijkswaterstaat",
        "placement": "right_of:2",
        "ref": "A10",
        "shoulder": "right",
        "smoothness": "excellent",
        "surface": "asphalt",
        "turn:lanes": "none|none|none|none|slight_right|slight_right",
        "width": "23"
      },
      "geometry": {
        "type": "LineString",
        "coordinates": [
          [
            4.936056,
            52.3347634
          ],
          [
            4.9360754,
            52.3347704
          ],
          [
            4.9365261,
            52.3349349
          ]
        ]
      },
      "id": "way/722735365"
    },
    {
      "type": "Feature",
      "properties": {
        "@id": "way/722735725",
        "carriageway_ref": "Re",
        "hazmat:B": "no",
        "hazmat:C": "no",
        "hazmat:D": "yes",
        "hazmat:E": "yes",
        "highway": "motorway",
        "int_ref": "E 35",
        "lanes": "4",
        "lit": "yes",
        "maxspeed": "100",
        "name": "Ringweg-Noord",
        "oneway": "yes",
        "operator": "Rijkswaterstaat",
        "placement": "middle_of:2",
        "ref": "A10",
        "surface": "asphalt",
        "turn:lanes": "none|none|none|merge_to_left"
      },
      "geometry": {
        "type": "LineString",
        "coordinates": [
          [
            4.9693108,
            52.3869132
          ],
          [
            4.9699083,
            52.3861689
          ],
          [
            4.9704347,
            52.3854664
          ],
          [
            4.9709274,
            52.3847686
          ]
        ]
      },
      "id": "way/722735725"
    },
    {
      "type": "Feature",
      "properties": {
        "@id": "way/741001783",
        "carriageway_ref": "Li",
        "highway": "motorway",
        "int_ref": "E 35",
        "lanes": "5",
        "lit": "yes",
        "maxheight": "default",
        "maxspeed": "100",
        "name": "Ringweg-Oost",
        "oneway": "yes",
        "operator": "Rijkswaterstaat",
        "ref": "A10",
        "surface": "asphalt",
        "turn:lanes": "none|none|none|slight_right|slight_right",
        "width": "14"
      },
      "geometry": {
        "type": "LineString",
        "coordinates": [
          [
            4.9558623,
            52.3437854
          ],
          [
            4.9559234,
            52.3438506
          ]
        ]
      },
      "id": "way/741001783"
    },
    {
      "type": "Feature",
      "properties": {
        "@id": "way/741001784",
        "carriageway_ref": "Li",
        "highway": "motorway",
        "int_ref": "E 35",
        "lanes": "5",
        "lit": "yes",
        "maxspeed": "100",
        "name": "Ringweg-Oost",
        "oneway": "yes",
        "operator": "Rijkswaterstaat",
        "ref": "A10",
        "surface": "asphalt",
        "turn:lanes": "none|none|none|slight_right|slight_right",
        "width": "14"
      },
      "geometry": {
        "type": "LineString",
        "coordinates": [
          [
            4.9555055,
            52.3434048
          ],
          [
            4.9558623,
            52.3437854
          ]
        ]
      },
      "id": "way/741001784"
    },
    {
      "type": "Feature",
      "properties": {
        "@id": "way/741001785",
        "carriageway_ref": "Re",
        "highway": "motorway",
        "int_ref": "E 35",
        "lanes": "3",
        "lit": "yes",
        "maxspeed": "100",
        "name": "Ringweg-Oost",
        "oneway": "yes",
        "operator": "Rijkswaterstaat",
        "ref": "A10",
        "surface": "asphalt",
        "width": "8"
      },
      "geometry": {
        "type": "LineString",
        "coordinates": [
          [
            4.9597845,
            52.3480409
          ],
          [
            4.9591411,
            52.347436
          ],
          [
            4.9580482,
            52.3463651
          ],
          [
            4.957256,
            52.3455763
          ],
          [
            4.9564397,
            52.3447292
          ],
          [
            4.955679,
            52.3439288
          ]
        ]
      },
      "id": "way/741001785"
    },
    {
      "type": "Feature",
      "properties": {
        "@id": "way/756749520",
        "carriageway_ref": "Li",
        "destination:lanes": "Rotterdam;Den Haag;Schiphol|Rotterdam;Den Haag;Schiphol|Hengelo;Utrecht|Hengelo;Utrecht|Amsterdam-Slotervaart;Amsterdam-Oud Zuid",
        "destination:ref:lanes": "A4|A4|A10|A10|S107",
        "highway": "motorway",
        "int_ref": "E 22",
        "lanes": "5",
        "lit": "yes",
        "maxspeed": "80",
        "maxspeed:type": "sign",
        "name": "Ringweg-West",
        "old_name:-2016-12-13": "Einsteinweg",
        "oneway": "yes",
        "operator": "Rijkswaterstaat",
        "placement": "right_of:2",
        "ref": "A10",
        "source:name": "https://zoek.officielebekendmakingen.nl/gmb-2016-183326.html",
        "surface": "asphalt",
        "turn:lanes": "through|through|slight_right|slight_right|right",
        "zone:traffic": "NL:rural"
      },
      "geometry": {
        "type": "LineString",
        "coordinates": [
          [
            4.8418856,
            52.3499201
          ],
          [
            4.8414243,
            52.3489597
          ],
          [
            4.8413126,
            52.3486966
          ]
        ]
      },
      "id": "way/756749520"
    },
    {
      "type": "Feature",
      "properties": {
        "@id": "way/776821853",
        "bridge": "yes",
        "carriageway_ref": "Li",
        "destination:lanes": "Rotterdam;Den Haag;Schiphol|Rotterdam;Den Haag;Schiphol|Hengelo;Utrecht|Hengelo;Utrecht|Amsterdam-Slotervaart;Amsterdam-Oud Zuid",
        "destination:ref:lanes": "A4|A4|A10|A10|S107",
        "highway": "motorway",
        "int_ref": "E 22",
        "lanes": "5",
        "layer": "1",
        "lit": "yes",
        "maxspeed": "80",
        "maxspeed:type": "sign",
        "name": "Ringweg-West",
        "old_name:-2016-12-13": "Einsteinweg",
        "oneway": "yes",
        "operator": "Rijkswaterstaat",
        "placement": "right_of:2",
        "ref": "A10",
        "source:name": "https://zoek.officielebekendmakingen.nl/gmb-2016-183326.html",
        "surface": "asphalt",
        "turn:lanes": "through|through|slight_right|slight_right|right",
        "zone:traffic": "NL:rural"
      },
      "geometry": {
        "type": "LineString",
        "coordinates": [
          [
            4.8413126,
            52.3486966
          ],
          [
            4.841302,
            52.3486753
          ]
        ]
      },
      "id": "way/776821853"
    },
    {
      "type": "Feature",
      "properties": {
        "@id": "way/789640560",
        "access:lanes": "yes|yes|yes|variable",
        "bridge": "yes",
        "carriageway_ref": "Re",
        "highway": "motorway",
        "int_ref": "E 19",
        "lanes": "4",
        "layer": "1",
        "lit": "yes",
        "maxspeed": "100",
        "name": "Ringweg-Zuid",
        "oneway": "yes",
        "operator": "Rijkswaterstaat",
        "ref": "A10",
        "surface": "asphalt"
      },
      "geometry": {
        "type": "LineString",
        "coordinates": [
          [
            4.8892036,
            52.3382976
          ],
          [
            4.8889636,
            52.3383935
          ]
        ]
      },
      "id": "way/789640560"
    },
    {
      "type": "Feature",
      "properties": {
        "@id": "way/789640561",
        "access:lanes": "yes|yes|yes|variable",
        "carriageway_ref": "Re",
        "highway": "motorway",
        "int_ref": "E 19",
        "lanes": "4",
        "lit": "yes",
        "maxspeed": "100",
        "name": "Ringweg-Zuid",
        "oneway": "yes",
        "operator": "Rijkswaterstaat",
        "ref": "A10",
        "surface": "asphalt",
        "width": "10.5"
      },
      "geometry": {
        "type": "LineString",
        "coordinates": [
          [
            4.8908107,
            52.3374788
          ],
          [
            4.88992,
            52.3379486
          ],
          [
            4.8893632,
            52.3382234
          ],
          [
            4.8892036,
            52.3382976
          ]
        ]
      },
      "id": "way/789640561"
    },
    {
      "type": "Feature",
      "properties": {
        "@id": "way/852173505",
        "carriageway_ref": "Li",
        "destination:lanes": "Rotterdam;Den Haag;Schiphol|Rotterdam;Den Haag;Schiphol|Hengelo;Utrecht|Hengelo;Utrecht",
        "destination:ref:lanes": "A4|A4|A10|A10",
        "highway": "motorway",
        "int_ref": "E 22",
        "lanes": "4",
        "lit": "yes",
        "maxspeed": "80",
        "maxspeed:type": "sign",
        "name": "Ringweg-West",
        "old_name:-2016-12-13": "Einsteinweg",
        "oneway": "yes",
        "operator": "Rijkswaterstaat",
        "placement": "right_of:2",
        "ref": "A10",
        "source:name": "https://zoek.officielebekendmakingen.nl/gmb-2016-183326.html",
        "surface": "asphalt",
        "turn:lanes": "through|through|slight_right|slight_right",
        "zone:traffic": "NL:rural"
      },
      "geometry": {
        "type": "LineString",
        "coordinates": [
          [
            4.840861,
            52.3467661
          ],
          [
            4.8408521,
            52.3464547
          ],
          [
            4.8408765,
            52.3454566
          ],
          [
            4.840928,
            52.3444317
          ]
        ]
      },
      "id": "way/852173505"
    },
    {
      "type": "Feature",
      "properties": {
        "@id": "way/859704530",
        "carriageway_ref": "Re",
        "change:lanes": "yes|not_left|yes|yes",
        "hazmat:B": "no",
        "hazmat:C": "no",
        "hazmat:D": "yes",
        "hazmat:E": "yes",
        "highway": "motorway",
        "int_ref": "E 22",
        "lanes": "4",
        "lit": "yes",
        "maxspeed": "100",
        "name": "Ringweg-West",
        "note": "officiele naamsverandering weg",
        "old_name:-2016-12-13": "Einsteinweg",
        "oneway": "yes",
        "operator": "Rijkswaterstaat",
        "placement": "middle_of:3",
        "ref": "A10",
        "source:name": "https://zoek.officielebekendmakingen.nl/gmb-2016-183326.html",
        "surface": "asphalt",
        "width": "11",
        "zone:traffic": "NL:rural"
      },
      "geometry": {
        "type": "LineString",
        "coordinates": [
          [
            4.8540436,
            52.4045025
          ],
          [
            4.8547342,
            52.4050902
          ],
          [
            4.8551476,
            52.4054404
          ]
        ]
      },
      "id": "way/859704530"
    },
    {
      "type": "Feature",
      "properties": {
        "@id": "way/866749024",
        "carriageway_ref": "Li",
        "hazmat:B": "no",
        "hazmat:C": "no",
        "hazmat:D": "yes",
        "hazmat:E": "yes",
        "highway": "motorway",
        "int_ref": "E 35",
        "lanes": "4",
        "lit": "yes",
        "maxspeed": "100",
        "name": "Ringweg-Noord",
        "oneway": "yes",
        "operator": "Rijkswaterstaat",
        "ref": "A10",
        "surface": "asphalt",
        "turn:lanes": "none|none|none|merge_to_left"
      },
      "geometry": {
        "type": "LineString",
        "coordinates": [
          [
            4.9724865,
            52.3677654
          ],
          [
            4.9729159,
            52.3687038
          ],
          [
            4.9731095,
            52.3691939
          ]
        ]
      },
      "id": "way/866749024"
    },
    {
      "type": "Feature",
      "properties": {
        "@id": "way/866749025",
        "bridge": "yes",
        "carriageway_ref": "Li",
        "hazmat:B": "no",
        "hazmat:C": "no",
        "hazmat:D": "yes",
        "hazmat:E": "yes",
        "highway": "motorway",
        "int_ref": "E 35",
        "lanes": "4",
        "layer": "1",
        "lit": "yes",
        "maxspeed": "100",
        "name": "Ringweg-Noord",
        "oneway": "yes",
        "operator": "Rijkswaterstaat",
        "ref": "A10",
        "surface": "asphalt",
        "turn:lanes": "none|none|none|merge_to_left"
      },
      "geometry": {
        "type": "LineString",
        "coordinates": [
          [
            4.9722606,
            52.3673168
          ],
          [
            4.9724865,
            52.3677654
          ]
        ]
      },
      "id": "way/866749025"
    },
    {
      "type": "Feature",
      "properties": {
        "@id": "way/866749027",
        "carriageway_ref": "Re",
        "covered": "yes",
        "cutting": "yes",
        "hazmat:B": "no",
        "hazmat:C": "no",
        "hazmat:D": "yes",
        "hazmat:E": "yes",
        "highway": "motorway",
        "int_ref": "E 35",
        "lanes": "3",
        "lit": "yes",
        "maxspeed": "100",
        "name": "Ringweg-Noord",
        "oneway": "yes",
        "operator": "Rijkswaterstaat",
        "ref": "A10",
        "surface": "asphalt"
      },
      "geometry": {
        "type": "LineString",
        "coordinates": [
          [
            4.9738257,
            52.3776552
          ],
          [
            4.9738921,
            52.3772417
          ],
          [
            4.9739625,
            52.3765332
          ]
        ]
      },
      "id": "way/866749027"
    },
    {
      "type": "Feature",
      "properties": {
        "@id": "way/866749028",
        "carriageway_ref": "Li",
        "covered": "yes",
        "cutting": "yes",
        "hazmat:B": "no",
        "hazmat:C": "no",
        "hazmat:D": "yes",
        "hazmat:E": "yes",
        "highway": "motorway",
        "int_ref": "E 35",
        "lanes": "3",
        "lit": "yes",
        "maxspeed": "100",
        "name": "Ringweg-Noord",
        "oneway": "yes",
        "operator": "Rijkswaterstaat",
        "ref": "A10",
        "surface": "asphalt"
      },
      "geometry": {
        "type": "LineString",
        "coordinates": [
          [
            4.9736012,
            52.3706797
          ],
          [
            4.9738538,
            52.3716704
          ]
        ]
      },
      "id": "way/866749028"
    },
    {
      "type": "Feature",
      "properties": {
        "@id": "way/866749029",
        "carriageway_ref": "Re",
        "hazmat:B": "no",
        "hazmat:C": "no",
        "hazmat:D": "yes",
        "hazmat:E": "yes",
        "highway": "motorway",
        "int_ref": "E 35",
        "lanes": "3",
        "lit": "yes",
        "maxspeed": "100",
        "name": "Ringweg-Noord",
        "oneway": "yes",
        "operator": "Rijkswaterstaat",
        "ref": "A10",
        "surface": "asphalt"
      },
      "geometry": {
        "type": "LineString",
        "coordinates": [
          [
            4.9732687,
            52.370295
          ],
          [
            4.9732121,
            52.3701129
          ],
          [
            4.9729876,
            52.3694887
          ],
          [
            4.972732,
            52.368848
          ]
        ]
      },
      "id": "way/866749029"
    },
    {
      "type": "Feature",
      "properties": {
        "@id": "way/866749030",
        "carriageway_ref": "Li",
        "cutting": "yes",
        "hazmat:B": "no",
        "hazmat:C": "no",
        "hazmat:D": "yes",
        "hazmat:E": "yes",
        "highway": "motorway",
        "int_ref": "E 35",
        "lanes": "3",
        "lit": "yes",
        "maxspeed": "100",
        "name": "Ringweg-Noord",
        "oneway": "yes",
        "operator": "Rijkswaterstaat",
        "ref": "A10",
        "surface": "asphalt"
      },
      "geometry": {
        "type": "LineString",
        "coordinates": [
          [
            4.9734819,
            52.3702817
          ],
          [
            4.9736012,
            52.3706797
          ]
        ]
      },
      "id": "way/866749030"
    },
    {
      "type": "Feature",
      "properties": {
        "@id": "way/866749031",
        "carriageway_ref": "Li",
        "cutting": "yes",
        "hazmat:B": "no",
        "hazmat:C": "no",
        "hazmat:D": "yes",
        "hazmat:E": "yes",
        "highway": "motorway",
        "int_ref": "E 35",
        "lanes": "3",
        "lit": "yes",
        "maxspeed": "100",
        "name": "Ringweg-Noord",
        "oneway": "yes",
        "operator": "Rijkswaterstaat",
        "ref": "A10",
        "surface": "asphalt"
      },
      "geometry": {
        "type": "LineString",
        "coordinates": [
          [
            4.9741676,
            52.3765384
          ],
          [
            4.9741371,
            52.3769393
          ]
        ]
      },
      "id": "way/866749031"
    },
    {
      "type": "Feature",
      "properties": {
        "@id": "way/866749032",
        "carriageway_ref": "Li",
        "hazmat:B": "no",
        "hazmat:C": "no",
        "hazmat:D": "yes",
        "hazmat:E": "yes",
        "highway": "motorway",
        "int_ref": "E 35",
        "lanes": "4",
        "lit": "yes",
        "maxspeed": "100",
        "name": "Ringweg-Noord",
        "oneway": "yes",
        "operator": "Rijkswaterstaat",
        "ref": "A10",
        "surface": "asphalt"
      },
      "geometry": {
        "type": "LineString",
        "coordinates": [
          [
            4.9738395,
            52.3787956
          ],
          [
            4.9735854,
            52.3797627
          ]
        ]
      },
      "id": "way/866749032"
    },
    {
      "type": "Feature",
      "properties": {
        "@id": "way/866749033",
        "carriageway_ref": "Re",
        "hazmat:B": "no",
        "hazmat:C": "no",
        "hazmat:D": "yes",
        "hazmat:E": "yes",
        "highway": "motorway",
        "int_ref": "E 35",
        "lanes": "3",
        "lit": "yes",
        "maxspeed": "100",
        "name": "Ringweg-Noord",
        "oneway": "yes",
        "operator": "Rijkswaterstaat",
        "ref": "A10",
        "surface": "asphalt"
      },
      "geometry": {
        "type": "LineString",
        "coordinates": [
          [
            4.9732984,
            52.3798483
          ],
          [
            4.9734291,
            52.3793869
          ],
          [
            4.9735951,
            52.3787725
          ]
        ]
      },
      "id": "way/866749033"
    },
    {
      "type": "Feature",
      "properties": {
        "@id": "way/910068112",
        "carriageway_ref": "Li",
        "highway": "motorway",
        "int_ref": "E 35",
        "lanes": "5",
        "lit": "yes",
        "maxspeed": "100",
        "name": "Ringweg-Oost",
        "oneway": "yes",
        "operator": "Rijkswaterstaat",
        "placement": "right_of:2",
        "ref": "A10",
        "smoothness": "good",
        "surface": "asphalt",
        "turn:lanes": "none|none|none|none|slight_right",
        "width": "13.5"
      },
      "geometry": {
        "type": "LineString",
        "coordinates": [
          [
            4.9330209,
            52.3337181
          ],
          [
            4.9350037,
            52.334401
          ]
        ]
      },
      "id": "way/910068112"
    },
    {
      "type": "Feature",
      "properties": {
        "@id": "way/910069418",
        "bridge": "yes",
        "carriageway_ref": "Li",
        "highway": "motorway",
        "int_ref": "E 19",
        "lanes": "3",
        "layer": "1",
        "lit": "yes",
        "maxspeed": "100",
        "name": "Ringweg-Zuid",
        "oneway": "yes",
        "operator": "Rijkswaterstaat",
        "ref": "A10",
        "surface": "asphalt"
      },
      "geometry": {
        "type": "LineString",
        "coordinates": [
          [
            4.9169182,
            52.3285644
          ],
          [
            4.9171427,
            52.3286012
          ]
        ]
      },
      "id": "way/910069418"
    },
    {
      "type": "Feature",
      "properties": {
        "@id": "way/910069419",
        "carriageway_ref": "Li",
        "highway": "motorway",
        "int_ref": "E 19",
        "lanes": "4",
        "lit": "yes",
        "maxspeed": "100",
        "name": "Ringweg-Zuid",
        "oneway": "yes",
        "operator": "Rijkswaterstaat",
        "placement": "middle_of:2",
        "ref": "A10",
        "surface": "asphalt",
        "turn:lanes": "none|none|none|merge_to_left"
      },
      "geometry": {
        "type": "LineString",
        "coordinates": [
          [
            4.9139194,
            52.3283196
          ],
          [
            4.9147919,
            52.328352
          ]
        ]
      },
      "id": "way/910069419"
    },
    {
      "type": "Feature",
      "properties": {
        "@id": "way/978868103",
        "carriageway_ref": "Re",
        "highway": "motorway",
        "int_ref": "E 35",
        "lanes": "3",
        "lit": "yes",
        "maxspeed": "100",
        "name": "Ringweg-Noord",
        "oneway": "yes",
        "operator": "Rijkswaterstaat",
        "ref": "A10",
        "surface": "asphalt"
      },
      "geometry": {
        "type": "LineString",
        "coordinates": [
          [
            4.8992702,
            52.4238058
          ],
          [
            4.899986,
            52.4236132
          ]
        ]
      },
      "id": "way/978868103"
    },
    {
      "type": "Feature",
      "properties": {
        "@id": "way/978868104",
        "carriageway_ref": "Li",
        "highway": "motorway",
        "int_ref": "E 35",
        "lanes": "4",
        "lit": "yes",
        "maxspeed": "100",
        "name": "Ringweg-Noord",
        "note": "rijbaan 2 lanes, weefvak 2 lanes",
        "oneway": "yes",
        "operator": "Rijkswaterstaat",
        "ref": "A10",
        "surface": "asphalt",
        "turn:lanes": "none|none|slight_right|slight_right"
      },
      "geometry": {
        "type": "LineString",
        "coordinates": [
          [
            4.9001045,
            52.4237629
          ],
          [
            4.899284,
            52.4239674
          ]
        ]
      },
      "id": "way/978868104"
    },
    {
      "type": "Feature",
      "properties": {
        "@id": "way/999040452",
        "carriageway_ref": "Re",
        "highway": "motorway",
        "int_ref": "E 35",
        "lanes": "3",
        "lit": "yes",
        "maxspeed": "100",
        "name": "Ringweg-Oost",
        "oneway": "yes",
        "operator": "Rijkswaterstaat",
        "ref": "A10",
        "surface": "asphalt",
        "width": "8"
      },
      "geometry": {
        "type": "LineString",
        "coordinates": [
          [
            4.9556117,
            52.343858
          ],
          [
            4.9552569,
            52.3434847
          ],
          [
            4.9545066,
            52.3426944
          ]
        ]
      },
      "id": "way/999040452"
    },
    {
      "type": "Feature",
      "properties": {
        "@id": "way/999040453",
        "carriageway_ref": "Re",
        "highway": "motorway",
        "int_ref": "E 35",
        "lanes": "3",
        "lit": "yes",
        "maxheight": "default",
        "maxspeed": "100",
        "name": "Ringweg-Oost",
        "oneway": "yes",
        "operator": "Rijkswaterstaat",
        "ref": "A10",
        "surface": "asphalt",
        "width": "8"
      },
      "geometry": {
        "type": "LineString",
        "coordinates": [
          [
            4.955679,
            52.3439288
          ],
          [
            4.9556117,
            52.343858
          ]
        ]
      },
      "id": "way/999040453"
    },
    {
      "type": "Feature",
      "properties": {
        "@id": "way/1017357983",
        "carriageway_ref": "Li",
        "highway": "motorway",
        "int_ref": "E 35",
        "lanes": "4",
        "lit": "yes",
        "maxspeed": "100",
        "name": "Ringweg-Noord",
        "oneway": "yes",
        "operator": "Rijkswaterstaat",
        "placement": "middle_of:2",
        "ref": "A10",
        "surface": "asphalt",
        "turn:lanes": "none|none|none|merge_to_left"
      },
      "geometry": {
        "type": "LineString",
        "coordinates": [
          [
            4.9645603,
            52.3928524
          ],
          [
            4.9637659,
            52.393776
          ]
        ]
      },
      "id": "way/1017357983"
    },
    {
      "type": "Feature",
      "properties": {
        "@id": "way/1020896904",
        "carriageway_ref": "Li",
        "foot": "no",
        "highway": "motorway",
        "int_ref": "E 22",
        "lanes": "4",
        "lit": "yes",
        "lit:indirect": "yes",
        "maxspeed": "80",
        "maxspeed:type": "sign",
        "name": "Ringweg-West",
        "note": "Zie https://zoek.officielebekendmakingen.nl/gmb-2016-183326.html",
        "old_name:-2016-12-13": "Einsteinweg",
        "oneway": "yes",
        "operator": "Rijkswaterstaat",
        "placement": "middle_of:2",
        "ref": "A10",
        "source:name": "https://zoek.officielebekendmakingen.nl/gmb-2016-183326.html",
        "surface": "asphalt",
        "turn:lanes": "none|none|none|slight_right",
        "zone:traffic": "NL:rural"
      },
      "geometry": {
        "type": "LineString",
        "coordinates": [
          [
            4.8421662,
            52.3654347
          ],
          [
            4.8421987,
            52.3643554
          ]
        ]
      },
      "id": "way/1020896904"
    },
    {
      "type": "Feature",
      "properties": {
        "@id": "way/1092346865",
        "carriageway_ref": "Li",
        "highway": "motorway",
        "int_ref": "E 22",
        "lanes": "4",
        "lit": "yes",
        "maxspeed": "80",
        "maxspeed:type": "sign",
        "name": "Ringweg-West",
        "old_name:-2016-12-13": "Einsteinweg",
        "oneway": "yes",
        "operator": "Rijkswaterstaat",
        "placement": "middle_of:2",
        "ref": "A10",
        "source:name": "https://zoek.officielebekendmakingen.nl/gmb-2016-183326.html",
        "surface": "asphalt",
        "turn:lanes": "none|none|none|merge_to_left",
        "zone:traffic": "NL:rural"
      },
      "geometry": {
        "type": "LineString",
        "coordinates": [
          [
            4.8444958,
            52.3793473
          ],
          [
            4.844319,
            52.3787841
          ]
        ]
      },
      "id": "way/1092346865"
    },
    {
      "type": "Feature",
      "properties": {
        "@id": "way/1092346866",
        "carriageway_ref": "Re",
        "highway": "motorway",
        "int_ref": "E 22",
        "lanes": "3",
        "lit": "yes",
        "maxspeed": "80",
        "maxspeed:type": "sign",
        "name": "Ringweg-West",
        "note": "naamsverandering zie https://zoek.officielebekendmakingen.nl/gmb-2016-183326.html",
        "old_name:-2016-12-13": "Einsteinweg",
        "oneway": "yes",
        "operator": "Rijkswaterstaat",
        "ref": "A10",
        "source:name": "https://zoek.officielebekendmakingen.nl/gmb-2016-183326.html",
        "surface": "asphalt",
        "zone:traffic": "NL:rural"
      },
      "geometry": {
        "type": "LineString",
        "coordinates": [
          [
            4.84357,
            52.3764506
          ],
          [
            4.8440032,
            52.3774867
          ]
        ]
      },
      "id": "way/1092346866"
    },
    {
      "type": "Feature",
      "properties": {
        "@id": "way/1093814683",
        "carriageway_ref": "Re",
        "highway": "motorway",
        "int_ref": "E 35",
        "lanes": "4",
        "lit": "yes",
        "maxspeed": "100",
        "name": "Ringweg-Oost",
        "oneway": "yes",
        "operator": "Rijkswaterstaat",
        "ref": "A10",
        "surface": "asphalt"
      },
      "geometry": {
        "type": "LineString",
        "coordinates": [
          [
            4.9530041,
            52.341179
          ],
          [
            4.9529213,
            52.3411066
          ],
          [
            4.952346,
            52.3406701
          ]
        ]
      },
      "id": "way/1093814683"
    },
    {
      "type": "Feature",
      "properties": {
        "@id": "way/1093943741",
        "access:lanes": "variable|yes|yes",
        "carriageway_ref": "Li",
        "change:lanes": "yes|not_left|yes",
        "highway": "motorway",
        "int_ref": "E 22",
        "lanes": "3",
        "lit": "yes",
        "maxspeed": "80",
        "maxspeed:type": "sign",
        "name": "Ringweg-West",
        "old_name:-2016-12-13": "Einsteinweg",
        "oneway": "yes",
        "operator": "Rijkswaterstaat",
        "ref": "A10",
        "source:name": "https://zoek.officielebekendmakingen.nl/gmb-2016-183326.html",
        "surface": "asphalt",
        "zone:traffic": "NL:rural"
      },
      "geometry": {
        "type": "LineString",
        "coordinates": [
          [
            4.8440845,
            52.3907299
          ],
          [
            4.8441316,
            52.3902186
          ],
          [
            4.8441531,
            52.3899462
          ]
        ]
      },
      "id": "way/1093943741"
    },
    {
      "type": "Feature",
      "properties": {
        "@id": "way/1093952223",
        "bridge": "yes",
        "carriageway_ref": "Li",
        "change:lanes": "yes|yes|yes|not_right|yes",
        "highway": "motorway",
        "int_ref": "E 19",
        "lanes": "5",
        "layer": "1",
        "lit": "yes",
        "maxspeed": "100",
        "maxspeed:type": "sign",
        "name": "Ringweg-Zuid",
        "oneway": "yes",
        "operator": "Rijkswaterstaat",
        "placement": "right_of:2",
        "ref": "A10",
        "surface": "asphalt",
        "survey:date": "2025-01-27",
        "zone:traffic": "NL:rural"
      },
      "geometry": {
        "type": "LineString",
        "coordinates": [
          [
            4.8968821,
            52.3332181
          ],
          [
            4.8971343,
            52.3330994
          ]
        ]
      },
      "id": "way/1093952223"
    },
    {
      "type": "Feature",
      "properties": {
        "@id": "way/1093953831",
        "carriageway_ref": "Li",
        "disused:maxspeed": "100",
        "highway": "motorway",
        "int_ref": "E 19",
        "lanes": "4",
        "lit": "yes",
        "maxspeed": "90",
        "maxspeed:type": "sign",
        "name": "Ringweg-Zuid",
        "oneway": "yes",
        "operator": "Rijkswaterstaat",
        "placement": "right_of:2",
        "ref": "A10",
        "surface": "asphalt",
        "survey:date": "2025-01-27",
        "zone:traffic": "NL:rural"
      },
      "geometry": {
        "type": "LineString",
        "coordinates": [
          [
            4.867527,
            52.3382606
          ],
          [
            4.8681899,
            52.3382907
          ]
        ]
      },
      "id": "way/1093953831"
    },
    {
      "type": "Feature",
      "properties": {
        "@id": "way/1093953832",
        "carriageway_ref": "Li",
        "disused:maxspeed": "100",
        "highway": "motorway",
        "int_ref": "E 19",
        "lanes": "4",
        "lit": "yes",
        "maxspeed": "90",
        "maxspeed:type": "sign",
        "name": "Ringweg-Zuid",
        "oneway": "yes",
        "operator": "Rijkswaterstaat",
        "placement": "right_of:2",
        "ref": "A10",
        "surface": "asphalt",
        "survey:date": "2025-01-27",
        "zone:traffic": "NL:rural"
      },
      "geometry": {
        "type": "LineString",
        "coordinates": [
          [
            4.8690509,
            52.3383188
          ],
          [
            4.8693292,
            52.3383274
          ],
          [
            4.8696617,
            52.338338
          ],
          [
            4.8698519,
            52.3383444
          ],
          [
            4.8702022,
            52.3383565
          ],
          [
            4.8707394,
            52.3383827
          ],
          [
            4.8712798,
            52.338415
          ],
          [
            4.8718256,
            52.3384513
          ],
          [
            4.872343,
            52.3384816
          ],
          [
            4.8728717,
            52.3385054
          ],
          [
            4.874018,
            52.3385466
          ],
          [
            4.8750639,
            52.3385696
          ],
          [
            4.8762648,
            52.3385839
          ]
        ]
      },
      "id": "way/1093953832"
    },
    {
      "type": "Feature",
      "properties": {
        "@id": "way/1093956257",
        "carriageway_ref": "Li",
        "highway": "motorway",
        "int_ref": "E 35",
        "lanes": "4",
        "lit": "yes",
        "maxspeed": "100",
        "name": "Ringweg-Noord",
        "oneway": "yes",
        "operator": "Rijkswaterstaat",
        "placement": "middle_of:2",
        "ref": "A10",
        "surface": "asphalt",
        "turn:lanes": "none|none|none|merge_to_left"
      },
      "geometry": {
        "type": "LineString",
        "coordinates": [
          [
            4.9635332,
            52.3940525
          ],
          [
            4.9627622,
            52.3949368
          ]
        ]
      },
      "id": "way/1093956257"
    },
    {
      "type": "Feature",
      "properties": {
        "@id": "way/1093957498",
        "carriageway_ref": "Re",
        "highway": "motorway",
        "int_ref": "E 35",
        "lanes": "4",
        "lit": "yes",
        "maxspeed": "100",
        "name": "Ringweg-Noord",
        "oneway": "yes",
        "operator": "Rijkswaterstaat",
        "placement": "middle_of:2",
        "ref": "A10",
        "surface": "asphalt",
        "turn:lanes": "none|none|none|merge_to_left"
      },
      "geometry": {
        "type": "LineString",
        "coordinates": [
          [
            4.9455811,
            52.4053591
          ],
          [
            4.9467193,
            52.4049398
          ],
          [
            4.9477556,
            52.4045388
          ],
          [
            4.9485367,
            52.4042104
          ]
        ]
      },
      "id": "way/1093957498"
    },
    {
      "type": "Feature",
      "properties": {
        "@id": "way/1093957820",
        "carriageway_ref": "Re",
        "highway": "motorway",
        "int_ref": "E 35",
        "lanes": "4",
        "lit": "yes",
        "maxspeed": "100",
        "name": "Ringweg-Noord",
        "oneway": "yes",
        "operator": "Rijkswaterstaat",
        "placement": "middle_of:2",
        "ref": "A10",
        "surface": "asphalt",
        "turn:lanes": "none|none|none|merge_to_left"
      },
      "geometry": {
        "type": "LineString",
        "coordinates": [
          [
            4.9143369,
            52.4177672
          ],
          [
            4.9160536,
            52.4171711
          ]
        ]
      },
      "id": "way/1093957820"
    },
    {
      "type": "Feature",
      "properties": {
        "@id": "way/1093958036",
        "carriageway_ref": "Re",
        "highway": "motorway",
        "int_ref": "E 35",
        "lanes": "3",
        "lit": "yes",
        "maxspeed": "100",
        "name": "Ringweg-Noord",
        "oneway": "yes",
        "operator": "Rijkswaterstaat",
        "ref": "A10",
        "surface": "asphalt"
      },
      "geometry": {
        "type": "LineString",
        "coordinates": [
          [
            4.8968773,
            52.4243274
          ],
          [
            4.898236,
            52.4240526
          ]
        ]
      },
      "id": "way/1093958036"
    },
    {
      "type": "Feature",
      "properties": {
        "@id": "way/1093958473",
        "carriageway_ref": "Re",
        "highway": "motorway",
        "int_ref": "E 35",
        "lanes": "4",
        "lit": "yes",
        "maxspeed": "100",
        "maxspeed:type": "sign",
        "name": "Ringweg-Noord",
        "oneway": "yes",
        "operator": "Rijkswaterstaat",
        "placement": "middle_of:2",
        "ref": "A10",
        "surface": "asphalt",
        "turn:lanes": "none|none|merge_to_left|none",
        "zone:traffic": "NL:rural"
      },
      "geometry": {
        "type": "LineString",
        "coordinates": [
          [
            4.884663,
            52.42473
          ],
          [
            4.8856039,
            52.4248288
          ],
          [
            4.8865205,
            52.4249036
          ]
        ]
      },
      "id": "way/1093958473"
    },
    {
      "type": "Feature",
      "properties": {
        "@id": "way/1134381569",
        "bridge": "yes",
        "carriageway_ref": "Li",
        "destination:lanes": "Rotterdam;Den Haag;Schiphol|Rotterdam;Den Haag;Schiphol|Hengelo;Utrecht|Hengelo;Utrecht|Amsterdam-Slotervaart;Amsterdam-Oud Zuid",
        "destination:ref:lanes": "A4|A4|A10|A10|S107",
        "highway": "motorway",
        "int_ref": "E 22",
        "lanes": "5",
        "layer": "1",
        "lit": "yes",
        "maxspeed": "80",
        "maxspeed:type": "sign",
        "name": "Ringweg-West",
        "old_name:-2016-12-13": "Einsteinweg",
        "oneway": "yes",
        "operator": "Rijkswaterstaat",
        "placement": "right_of:2",
        "ref": "A10",
        "source:name": "https://zoek.officielebekendmakingen.nl/gmb-2016-183326.html",
        "surface": "asphalt",
        "turn:lanes": "through|through|slight_right|slight_right|right",
        "zone:traffic": "NL:rural"
      },
      "geometry": {
        "type": "LineString",
        "coordinates": [
          [
            4.841302,
            52.3486753
          ],
          [
            4.8411914,
            52.3483923
          ]
        ]
      },
      "id": "way/1134381569"
    },
    {
      "type": "Feature",
      "properties": {
        "@id": "way/1194747953",
        "carriageway_ref": "Re",
        "embankment": "yes",
        "highway": "motorway",
        "int_ref": "E 22",
        "lanes": "4",
        "lit": "yes",
        "maxspeed": "80",
        "maxspeed:type": "sign",
        "name": "Ringweg-West",
        "old_name:-2016-12-13": "Einsteinweg",
        "oneway": "yes",
        "operator": "Rijkswaterstaat",
        "placement": "middle_of:2",
        "ref": "A10",
        "source:name": "https://zoek.officielebekendmakingen.nl/gmb-2016-183326.html",
        "surface": "asphalt",
        "turn:lanes": "none|none|none|slight_right",
        "zone:traffic": "NL:rural"
      },
      "geometry": {
        "type": "LineString",
        "coordinates": [
          [
            4.8447667,
            52.3954087
          ],
          [
            4.8448294,
            52.3955624
          ]
        ]
      },
      "id": "way/1194747953"
    },
    {
      "type": "Feature",
      "properties": {
        "@id": "way/1194747958",
        "carriageway_ref": "Re",
        "highway": "motorway",
        "int_ref": "E 22",
        "lanes": "4",
        "lit": "yes",
        "maxspeed": "80",
        "maxspeed:type": "sign",
        "name": "Ringweg-West",
        "old_name:-2016-12-13": "Einsteinweg",
        "oneway": "yes",
        "operator": "Rijkswaterstaat",
        "placement": "middle_of:2",
        "ref": "A10",
        "source:name": "https://zoek.officielebekendmakingen.nl/gmb-2016-183326.html",
        "surface": "asphalt",
        "turn:lanes": "none|none|none|slight_right",
        "zone:traffic": "NL:rural"
      },
      "geometry": {
        "type": "LineString",
        "coordinates": [
          [
            4.8446434,
            52.3950661
          ],
          [
            4.8446466,
            52.3950765
          ]
        ]
      },
      "id": "way/1194747958"
    },
    {
      "type": "Feature",
      "properties": {
        "@id": "way/1194747959",
        "carriageway_ref": "Li",
        "highway": "motorway",
        "int_ref": "E 22",
        "lanes": "2",
        "lit": "yes",
        "maxspeed": "100",
        "maxspeed:type": "sign",
        "name": "Ringweg-West",
        "old_name:-2016-12-13": "Einsteinweg",
        "oneway": "yes",
        "operator": "Rijkswaterstaat",
        "placement": "transition",
        "ref": "A10",
        "source:name": "https://zoek.officielebekendmakingen.nl/gmb-2016-183326.html",
        "surface": "asphalt",
        "zone:traffic": "NL:rural"
      },
      "geometry": {
        "type": "LineString",
        "coordinates": [
          [
            4.8438985,
            52.3939949
          ],
          [
            4.8439575,
            52.3932291
          ]
        ]
      },
      "id": "way/1194747959"
    },
    {
      "type": "Feature",
      "properties": {
        "@id": "way/1194755867",
        "bridge": "viaduct",
        "carriageway_ref": "Li",
        "destination": "Utrecht;Rotterdam;Schiphol",
        "destination:int_ref": "E 22",
        "destination:ref": "RING A10",
        "destination:symbol": "none;none;airport",
        "highway": "motorway",
        "int_ref": "E 22",
        "lanes": "2",
        "layer": "1",
        "lit": "yes",
        "maxspeed": "100",
        "maxspeed:type": "sign",
        "name": "Ringweg-West",
        "old_name:-2016-12-13": "Einsteinweg",
        "oneway": "yes",
        "operator": "Rijkswaterstaat",
        "ref": "A10",
        "source:name": "https://zoek.officielebekendmakingen.nl/gmb-2016-183326.html",
        "surface": "asphalt",
        "zone:traffic": "NL:rural"
      },
      "geometry": {
        "type": "LineString",
        "coordinates": [
          [
            4.8440061,
            52.3952957
          ],
          [
            4.8439526,
            52.3949866
          ]
        ]
      },
      "id": "way/1194755867"
    },
    {
      "type": "Feature",
      "properties": {
        "@id": "way/1223241460",
        "carriageway_ref": "Li",
        "change:lanes": "yes|yes|yes|yes|yes|no",
        "disused:maxspeed": "100",
        "highway": "motorway",
        "int_ref": "E 19",
        "lanes": "6",
        "lit": "yes",
        "maxspeed": "90",
        "maxspeed:type": "sign",
        "name": "Ringweg-Zuid",
        "oneway": "yes",
        "operator": "Rijkswaterstaat",
        "placement": "right_of:2",
        "ref": "A10",
        "surface": "asphalt",
        "survey:date": "2025-01-27",
        "turn:lanes": "none|none|none|through|slight_right|slight_right",
        "zone:traffic": "NL:rural"
      },
      "geometry": {
        "type": "LineString",
        "coordinates": [
          [
            4.8914819,
            52.3358598
          ],
          [
            4.8924492,
            52.3353925
          ]
        ]
      },
      "id": "way/1223241460"
    },
    {
      "type": "Feature",
      "properties": {
        "@id": "way/1230633238",
        "carriageway_ref": "Re",
        "change:lanes": "yes|yes|not_right|not_left|yes",
        "highway": "motorway",
        "int_ref": "E 19",
        "lanes": "5",
        "lit": "yes",
        "maxspeed": "100",
        "name": "Ringweg-Zuid",
        "oneway": "yes",
        "operator": "Rijkswaterstaat",
        "placement": "right_of:2",
        "ref": "A10",
        "surface": "asphalt",
        "turn:lanes": "none|none|none|through;slight_right|slight_right",
        "zone:traffic": "NL:rural"
      },
      "geometry": {
        "type": "LineString",
        "coordinates": [
          [
            4.8844071,
            52.3395785
          ],
          [
            4.8838971,
            52.3396296
          ],
          [
            4.8835031,
            52.3396579
          ],
          [
            4.8829537,
            52.3396867
          ]
        ]
      },
      "id": "way/1230633238"
    },
    {
      "type": "Feature",
      "properties": {
        "@id": "way/1230633242",
        "access:lanes": "yes|yes|yes|variable|yes|yes",
        "carriageway_ref": "Re",
        "change:lanes": "yes|yes|yes|yes|yes|no",
        "highway": "motorway",
        "int_ref": "E 19",
        "lanes": "6",
        "lit": "yes",
        "maxspeed": "100",
        "name": "Ringweg-Zuid",
        "oneway": "yes",
        "operator": "Rijkswaterstaat",
        "placement": "right_of:2",
        "ref": "A10",
        "surface": "asphalt",
        "turn:lanes": "none|none|none|through|slight_right|slight_right",
        "zone:traffic": "NL:rural"
      },
      "geometry": {
        "type": "LineString",
        "coordinates": [
          [
            4.8662199,
            52.3391069
          ],
          [
            4.8648936,
            52.3390451
          ]
        ]
      },
      "id": "way/1230633242"
    },
    {
      "type": "Feature",
      "properties": {
        "@id": "way/1266081878",
        "carriageway_ref": "Li",
        "disused:maxspeed": "100",
        "highway": "motorway",
        "int_ref": "E 19",
        "lanes": "5",
        "lit": "yes",
        "maxspeed": "90",
        "maxspeed:type": "sign",
        "name": "Ringweg-Zuid",
        "oneway": "yes",
        "operator": "Rijkswaterstaat",
        "placement": "middle_of:3",
        "ref": "A10",
        "surface": "asphalt",
        "survey:date": "2025-01-27",
        "zone:traffic": "NL:rural"
      },
      "geometry": {
        "type": "LineString",
        "coordinates": [
          [
            4.848411,
            52.3372691
          ],
          [
            4.8494809,
            52.3373339
          ]
        ]
      },
      "id": "way/1266081878"
    },
    {
      "type": "Feature",
      "properties": {
        "@id": "way/1269104014",
        "carriageway_ref": "Re",
        "highway": "motorway",
        "int_ref": "E 22",
        "lanes": "3",
        "lit": "yes",
        "maxheight": "default",
        "maxspeed": "80",
        "maxspeed:type": "sign",
        "name": "Ringweg-West",
        "note": "naamsverandering zie https://zoek.officielebekendmakingen.nl/gmb-2016-183326.html",
        "old_name:-2016-12-13": "Einsteinweg",
        "oneway": "yes",
        "operator": "Rijkswaterstaat",
        "ref": "A10",
        "source:name": "https://zoek.officielebekendmakingen.nl/gmb-2016-183326.html",
        "surface": "asphalt",
        "zone:traffic": "NL:rural"
      },
      "geometry": {
        "type": "LineString",
        "coordinates": [
          [
            4.8422501,
            52.3697703
          ],
          [
            4.8422178,
            52.3707434
          ],
          [
            4.8422034,
            52.3712562
          ],
          [
            4.842213,
            52.371762
          ],
          [
            4.8422326,
            52.3722117
          ],
          [
            4.8422941,
            52.3726646
          ],
          [
            4.8423784,
            52.3731663
          ],
          [
            4.8424517,
            52.3734965
          ]
        ]
      },
      "id": "way/1269104014"
    },
    {
      "type": "Feature",
      "properties": {
        "@id": "way/1269104017",
        "carriageway_ref": "Re",
        "change:lanes": "yes|yes|not_right|yes",
        "highway": "motorway",
        "int_ref": "E 22",
        "lanes": "4",
        "lit": "yes",
        "maxspeed": "80",
        "maxspeed:type": "sign",
        "name": "Ringweg-West",
        "old_name:-2016-12-13": "Einsteinweg",
        "oneway": "yes",
        "operator": "Rijkswaterstaat",
        "placement": "middle_of:2",
        "ref": "A10",
        "source:name": "https://zoek.officielebekendmakingen.nl/gmb-2016-183326.html",
        "surface": "asphalt",
        "zone:traffic": "NL:rural"
      },
      "geometry": {
        "type": "LineString",
        "coordinates": [
          [
            4.8425007,
            52.3612219
          ],
          [
            4.8424818,
            52.3618171
          ]
        ]
      },
      "id": "way/1269104017"
    },
    {
      "type": "Feature",
      "properties": {
        "@id": "way/1269104021",
        "carriageway_ref": "Re",
        "highway": "motorway",
        "lanes": "2",
        "lit": "yes",
        "maxspeed": "80",
        "maxspeed:type": "sign",
        "name": "Ringweg-West",
        "old_name:-2016-12-13": "Einsteinweg",
        "oneway": "yes",
        "operator": "Rijkswaterstaat",
        "placement": "transition",
        "ref": "A10",
        "source:name": "https://zoek.officielebekendmakingen.nl/gmb-2016-183326.html",
        "surface": "asphalt",
        "zone:traffic": "NL:rural"
      },
      "geometry": {
        "type": "LineString",
        "coordinates": [
          [
            4.8418982,
            52.3397308
          ],
          [
            4.8417182,
            52.3401358
          ]
        ]
      },
      "id": "way/1269104021"
    },
    {
      "type": "Feature",
      "properties": {
        "@id": "way/1269104022",
        "carriageway_ref": "Re",
        "highway": "motorway",
        "int_ref": "E 22",
        "lanes": "4",
        "lit": "yes",
        "maxspeed": "80",
        "maxspeed:type": "sign",
        "name": "Ringweg-West",
        "old_name:-2016-12-13": "Einsteinweg",
        "oneway": "yes",
        "operator": "Rijkswaterstaat",
        "placement": "middle_of:2",
        "ref": "A10",
        "source:name": "https://zoek.officielebekendmakingen.nl/gmb-2016-183326.html",
        "surface": "asphalt",
        "turn:lanes": "none|none|merge_to_left|none",
        "zone:traffic": "NL:rural"
      },
      "geometry": {
        "type": "LineString",
        "coordinates": [
          [
            4.8414781,
            52.3415873
          ],
          [
            4.8414177,
            52.3420322
          ]
        ]
      },
      "id": "way/1269104022"
    },
    {
      "type": "Feature",
      "properties": {
        "@id": "way/1269325978",
        "carriageway_ref": "Li",
        "change:lanes": "yes|not_right|yes",
        "highway": "motorway",
        "int_ref": "E 22",
        "lanes": "3",
        "lit": "yes",
        "maxspeed": "80",
        "maxspeed:type": "sign",
        "name": "Ringweg-West",
        "old_name:-2016-12-13": "Einsteinweg",
        "oneway": "yes",
        "operator": "Rijkswaterstaat",
        "placement": "transition",
        "ref": "A10",
        "source:name": "https://zoek.officielebekendmakingen.nl/gmb-2016-183326.html",
        "surface": "asphalt",
        "zone:traffic": "NL:rural"
      },
      "geometry": {
        "type": "LineString",
        "coordinates": [
          [
            4.8424774,
            52.3548288
          ],
          [
            4.8424713,
            52.3542265
          ]
        ]
      },
      "id": "way/1269325978"
    },
    {
      "type": "Feature",
      "properties": {
        "@id": "way/1269325979",
        "carriageway_ref": "Li",
        "destination": "RING Zuid;Hengelo;Utrecht",
        "destination:int_ref": "E 19",
        "destination:ref": "RING A10",
        "highway": "motorway",
        "lanes": "2",
        "lit": "yes",
        "maxspeed": "80",
        "maxspeed:type": "sign",
        "name": "Ringweg-West",
        "old_name:-2016-12-13": "Einsteinweg",
        "oneway": "yes",
        "operator": "Rijkswaterstaat",
        "placement": "transition",
        "ref": "A10",
        "source:name": "https://zoek.officielebekendmakingen.nl/gmb-2016-183326.html",
        "surface": "asphalt",
        "zone:traffic": "NL:rural"
      },
      "geometry": {
        "type": "LineString",
        "coordinates": [
          [
            4.840928,
            52.3444317
          ],
          [
            4.8408883,
            52.3437137
          ]
        ]
      },
      "id": "way/1269325979"
    },
    {
      "type": "Feature",
      "properties": {
        "@id": "way/1269325982",
        "bridge": "yes",
        "carriageway_ref": "Li",
        "highway": "motorway",
        "int_ref": "E 22",
        "lanes": "4",
        "layer": "1",
        "lit": "yes",
        "maxspeed": "80",
        "maxspeed:type": "sign",
        "name": "Ringweg-West",
        "old_name:-2016-12-13": "Einsteinweg",
        "oneway": "yes",
        "operator": "Rijkswaterstaat",
        "placement": "right_of:2",
        "ref": "A10",
        "source:name": "https://zoek.officielebekendmakingen.nl/gmb-2016-183326.html",
        "surface": "asphalt",
        "zone:traffic": "NL:rural"
      },
      "geometry": {
        "type": "LineString",
        "coordinates": [
          [
            4.8424778,
            52.3518991
          ],
          [
            4.8424548,
            52.3517114
          ],
          [
            4.8423752,
            52.3513039
          ]
        ]
      },
      "id": "way/1269325982"
    },
    {
      "type": "Feature",
      "properties": {
        "@id": "way/1269325985",
        "carriageway_ref": "Li",
        "highway": "motorway",
        "int_ref": "E 22",
        "lanes": "3",
        "lit": "yes",
        "maxspeed": "80",
        "maxspeed:type": "sign",
        "name": "Ringweg-West",
        "old_name:-2016-12-13": "Einsteinweg",
        "oneway": "yes",
        "operator": "Rijkswaterstaat",
        "ref": "A10",
        "source:name": "https://zoek.officielebekendmakingen.nl/gmb-2016-183326.html",
        "surface": "asphalt",
        "zone:traffic": "NL:rural"
      },
      "geometry": {
        "type": "LineString",
        "coordinates": [
          [
            4.8424476,
            52.355794
          ],
          [
            4.8424534,
            52.3556314
          ]
        ]
      },
      "id": "way/1269325985"
    },
    {
      "type": "Feature",
      "properties": {
        "@id": "way/1269325990",
        "carriageway_ref": "Li",
        "highway": "motorway",
        "int_ref": "E 22",
        "lanes": "3",
        "lit": "yes",
        "maxspeed": "80",
        "maxspeed:type": "sign",
        "name": "Ringweg-West",
        "old_name:-2016-12-13": "Einsteinweg",
        "oneway": "yes",
        "operator": "Rijkswaterstaat",
        "ref": "A10",
        "source:name": "https://zoek.officielebekendmakingen.nl/gmb-2016-183326.html",
        "surface": "asphalt",
        "zone:traffic": "NL:rural"
      },
      "geometry": {
        "type": "LineString",
        "coordinates": [
          [
            4.8441531,
            52.3899462
          ],
          [
            4.8441925,
            52.3895767
          ]
        ]
      },
      "id": "way/1269325990"
    },
    {
      "type": "Feature",
      "properties": {
        "@id": "way/1270061806",
        "carriageway_ref": "Li",
        "highway": "motorway",
        "int_ref": "E 22",
        "lanes": "3",
        "lit": "yes",
        "maxspeed": "80",
        "maxspeed:type": "sign",
        "name": "Ringweg-West",
        "note": "naamsverandering zie https://zoek.officielebekendmakingen.nl/gmb-2016-183326.html",
        "old_name:-2016-12-13": "Einsteinweg",
        "oneway": "yes",
        "operator": "Rijkswaterstaat",
        "ref": "A10",
        "source:name": "https://zoek.officielebekendmakingen.nl/gmb-2016-183326.html",
        "surface": "asphalt",
        "zone:traffic": "NL:rural"
      },
      "geometry": {
        "type": "LineString",
        "coordinates": [
          [
            4.8420246,
            52.3701171
          ],
          [
            4.8420355,
            52.3697673
          ]
        ]
      },
      "id": "way/1270061806"
    },
    {
      "type": "Feature",
      "properties": {
        "@id": "way/1270064083",
        "carriageway_ref": "Li",
        "embankment": "yes",
        "highway": "motorway",
        "int_ref": "E 22",
        "lanes": "4",
        "lit": "yes",
        "lit:indirect": "yes",
        "maxspeed": "80",
        "maxspeed:type": "sign",
        "name": "Ringweg-West",
        "note": "https://zoek.officielebekendmakingen.nl/gmb-2016-183326.html",
        "old_name:-2016-12-13": "Einsteinweg",
        "oneway": "yes",
        "operator": "Rijkswaterstaat",
        "placement": "middle_of:2",
        "ref": "A10",
        "source:name": "https://zoek.officielebekendmakingen.nl/gmb-2016-183326.html",
        "surface": "asphalt",
        "turn:lanes": "none|none|none|slight_right",
        "zone:traffic": "NL:rural"
      },
      "geometry": {
        "type": "LineString",
        "coordinates": [
          [
            4.8422479,
            52.3625656
          ],
          [
            4.8422789,
            52.3615701
          ]
        ]
      },
      "id": "way/1270064083"
    },
    {
      "type": "Feature",
      "properties": {
        "@id": "way/1270096753",
        "carriageway_ref": "Li",
        "change:lanes": "yes|not_right|yes",
        "highway": "motorway",
        "int_ref": "E 22",
        "lanes": "3",
        "lit": "yes",
        "maxspeed": "80",
        "maxspeed:type": "sign",
        "name": "Ringweg-West",
        "old_name:-2016-12-13": "Einsteinweg",
        "oneway": "yes",
        "operator": "Rijkswaterstaat",
        "ref": "A10",
        "source:name": "https://zoek.officielebekendmakingen.nl/gmb-2016-183326.html",
        "surface": "asphalt",
        "zone:traffic": "NL:rural"
      },
      "geometry": {
        "type": "LineString",
        "coordinates": [
          [
            4.8424574,
            52.3555213
          ],
          [
            4.8424774,
            52.3548288
          ]
        ]
      },
      "id": "way/1270096753"
    },
    {
      "type": "Feature",
      "properties": {
        "@id": "way/1270138127",
        "carriageway_ref": "Li",
        "highway": "motorway",
        "int_ref": "E 22",
        "lanes": "4",
        "lit": "yes",
        "maxspeed": "80",
        "maxspeed:type": "sign",
        "name": "Ringweg-West",
        "old_name:-2016-12-13": "Einsteinweg",
        "oneway": "yes",
        "operator": "Rijkswaterstaat",
        "placement": "middle_of:2",
        "ref": "A10",
        "source:name": "https://zoek.officielebekendmakingen.nl/gmb-2016-183326.html",
        "surface": "asphalt",
        "turn:lanes": "none|none|none|slight_right",
        "zone:traffic": "NL:rural"
      },
      "geometry": {
        "type": "LineString",
        "coordinates": [
          [
            4.8443171,
            52.3879301
          ],
          [
            4.8444108,
            52.3862963
          ]
        ]
      },
      "id": "way/1270138127"
    },
    {
      "type": "Feature",
      "properties": {
        "@id": "way/1270143548",
        "carriageway_ref": "Re",
        "change:lanes": "yes|yes|yes|yes|no",
        "highway": "motorway",
        "int_ref": "E 22",
        "lanes": "5",
        "lit": "yes",
        "maxspeed": "80",
        "maxspeed:type": "sign",
        "name": "Ringweg-West",
        "old_name:-2016-12-13": "Einsteinweg",
        "oneway": "yes",
        "operator": "Rijkswaterstaat",
        "placement": "middle_of:2",
        "ref": "A10",
        "source:name": "https://zoek.officielebekendmakingen.nl/gmb-2016-183326.html",
        "surface": "asphalt",
        "turn:lanes": "none|none|none|slight_right|slight_right",
        "zone:traffic": "NL:rural"
      },
      "geometry": {
        "type": "LineString",
        "coordinates": [
          [
            4.8444973,
            52.3882577
          ],
          [
            4.8444862,
            52.3884967
          ]
        ]
      },
      "id": "way/1270143548"
    },
    {
      "type": "Feature",
      "properties": {
        "@id": "way/1270145698",
        "carriageway_ref": "Re",
        "embankment": "yes",
        "highway": "motorway",
        "int_ref": "E 22",
        "lanes": "4",
        "lit": "yes",
        "lit:indirect": "yes",
        "maxspeed": "80",
        "maxspeed:type": "sign",
        "name": "Ringweg-West",
        "note": "https://zoek.officielebekendmakingen.nl/gmb-2016-183326.html",
        "old_name:-2016-12-13": "Einsteinweg",
        "oneway": "yes",
        "operator": "Rijkswaterstaat",
        "placement": "middle_of:2",
        "ref": "A10",
        "source:name": "https://zoek.officielebekendmakingen.nl/gmb-2016-183326.html",
        "surface": "asphalt",
        "turn:lanes": "none|none|none|slight_right",
        "zone:traffic": "NL:rural"
      },
      "geometry": {
        "type": "LineString",
        "coordinates": [
          [
            4.8424506,
            52.3628539
          ],
          [
            4.842445,
            52.3630654
          ]
        ]
      },
      "id": "way/1270145698"
    },
    {
      "type": "Feature",
      "properties": {
        "@id": "way/1270172389",
        "carriageway_ref": "Re",
        "highway": "motorway",
        "int_ref": "E 22",
        "lanes": "4",
        "lit": "yes",
        "maxspeed": "80",
        "maxspeed:type": "sign",
        "name": "Ringweg-West",
        "old_name:-2016-12-13": "Einsteinweg",
        "oneway": "yes",
        "operator": "Rijkswaterstaat",
        "placement": "middle_of:2",
        "ref": "A10",
        "source:name": "https://zoek.officielebekendmakingen.nl/gmb-2016-183326.html",
        "surface": "asphalt",
        "turn:lanes": "none|none|none|slight_right",
        "zone:traffic": "NL:rural"
      },
      "geometry": {
        "type": "LineString",
        "coordinates": [
          [
            4.8427179,
            52.3538447
          ],
          [
            4.8427012,
            52.3544849
          ]
        ]
      },
      "id": "way/1270172389"
    },
    {
      "type": "Feature",
      "properties": {
        "@id": "way/1331070955",
        "carriageway_ref": "Li",
        "hazmat:B": "no",
        "hazmat:C": "no",
        "hazmat:D": "yes",
        "hazmat:E": "yes",
        "highway": "motorway",
        "int_ref": "E 35",
        "lanes": "3",
        "lit": "yes",
        "maxspeed": "100",
        "maxspeed:type": "sign",
        "name": "Ringweg-Noord",
        "oneway": "yes",
        "operator": "Rijkswaterstaat",
        "placement": "right_of:1",
        "ref": "A10",
        "surface": "asphalt",
        "turn:lanes": "none|none|merge_to_left",
        "zone:traffic": "NL:rural"
      },
      "geometry": {
        "type": "LineString",
        "coordinates": [
          [
            4.8752062,
            52.4228655
          ],
          [
            4.8750353,
            52.4228229
          ]
        ]
      },
      "id": "way/1331070955"
    },
    {
      "type": "Feature",
      "properties": {
        "@id": "way/1331091269",
        "carriageway_ref": "Li",
        "hazmat:B": "no",
        "hazmat:C": "no",
        "hazmat:D": "yes",
        "hazmat:E": "yes",
        "highway": "motorway",
        "int_ref": "E 22",
        "lanes": "2",
        "lit": "yes",
        "maxspeed": "100",
        "name": "Ringweg-West",
        "note": "Officiele naamsverandering",
        "old_name:-2016-12-13": "Einsteinweg",
        "oneway": "yes",
        "operator": "Rijkswaterstaat",
        "ref": "A10",
        "source:name": "https://zoek.officielebekendmakingen.nl/gmb-2016-183326.html",
        "surface": "asphalt"
      },
      "geometry": {
        "type": "LineString",
        "coordinates": [
          [
            4.8588021,
            52.408911
          ],
          [
            4.8586603,
            52.408794
          ]
        ]
      },
      "id": "way/1331091269"
    },
    {
      "type": "Feature",
      "properties": {
        "@id": "way/1331091270",
        "access:lanes": "variable|yes",
        "carriageway_ref": "Li",
        "emergency:lanes": "yes|yes",
        "hazmat:B": "no",
        "hazmat:C": "no",
        "hazmat:D": "yes",
        "hazmat:E": "yes",
        "highway": "motorway",
        "int_ref": "E 22",
        "lanes": "2",
        "lit": "yes",
        "maxspeed": "100",
        "name": "Ringweg-Noord",
        "not:name": "Ringweg-West",
        "note": "Linkerrijstrook wordt alleen geopend ter vervanging van een andere rijstrook/wisselbaan. Maximaal 8 van de 10 rijstroken in de Coentunnel zijn tegelijk open.",
        "note:url": "https://www.autoweek.nl/verkeer/waarom-is-de-linker-rijstrook-van-de-coentunnel-altijd-leeg/",
        "oneway": "yes",
        "operator": "Rijkswaterstaat",
        "ref": "A10",
        "source:name": "NWB",
        "source:not:name": "https://zoek.officielebekendmakingen.nl/gmb-2016-183326.html",
        "surface": "asphalt",
        "zone:traffic": "NL:rural"
      },
      "geometry": {
        "type": "LineString",
        "coordinates": [
          [
            4.8691084,
            52.419513
          ],
          [
            4.8689638,
            52.4193816
          ],
          [
            4.8686735,
            52.4191101
          ],
          [
            4.8683915,
            52.418838
          ],
          [
            4.8676714,
            52.4180978
          ],
          [
            4.8669684,
            52.417339
          ]
        ]
      },
      "id": "way/1331091270"
    },
    {
      "type": "Feature",
      "properties": {
        "@id": "way/1331091272",
        "access:lanes": "variable|yes|yes|yes|yes",
        "carriageway_ref": "Re",
        "change:lanes": "yes|yes|yes|no|no",
        "emergency:lanes": "yes|yes|yes|yes|yes",
        "hazmat:B": "no",
        "hazmat:C": "no",
        "hazmat:D": "yes",
        "hazmat:E": "yes",
        "highway": "motorway",
        "int_ref": "E 22",
        "lanes": "5",
        "lit": "yes",
        "maxspeed": "100",
        "name": "Ringweg-Noord",
        "not:name": "Ringweg-West",
        "note": "Linkerrijstrook wordt alleen geopend ter vervanging van een andere rijstrook/wisselbaan. Maximaal 8 van de 10 rijstroken in de Coentunnel zijn tegelijk open.",
        "note:url": "https://www.autoweek.nl/verkeer/waarom-is-de-linker-rijstrook-van-de-coentunnel-altijd-leeg/",
        "oneway": "yes",
        "operator": "Rijkswaterstaat",
        "placement": "middle_of:3",
        "ref": "A10",
        "source:name": "NWB",
        "source:not:name": "https://zoek.officielebekendmakingen.nl/gmb-2016-183326.html",
        "surface": "asphalt",
        "turn:lanes": "merge_to_right|none|none|slight_right|slight_right",
        "zone:traffic": "NL:rural"
      },
      "geometry": {
        "type": "LineString",
        "coordinates": [
          [
            4.8706877,
            52.4200224
          ],
          [
            4.8709151,
            52.4201675
          ],
          [
            4.8713666,
            52.4204419
          ]
        ]
      },
      "id": "way/1331091272"
    },
    {
      "type": "Feature",
      "properties": {
        "@id": "way/1331091273",
        "access:lanes": "variable|yes|yes|yes|yes",
        "carriageway_ref": "Re",
        "change:lanes": "yes|not_left|not_right|not_left|yes",
        "emergency:lanes": "yes|yes|yes|yes|yes",
        "hazmat:B": "no",
        "hazmat:C": "no",
        "hazmat:D": "yes",
        "hazmat:E": "yes",
        "highway": "motorway",
        "int_ref": "E 22",
        "lanes": "5",
        "lit": "yes",
        "maxspeed": "100",
        "maxspeed:type": "sign",
        "name": "Ringweg-West",
        "note": "Linkerrijstrook wordt alleen geopend ter vervanging van een andere rijstrook/wisselbaan. Maximaal 8 van de 10 rijstroken in de Coentunnel zijn tegelijk open.",
        "note:url": "https://www.autoweek.nl/verkeer/waarom-is-de-linker-rijstrook-van-de-coentunnel-altijd-leeg/",
        "old_name:-2016-12-13": "Einsteinweg",
        "oneway": "yes",
        "operator": "Rijkswaterstaat",
        "placement": "middle_of:3",
        "ref": "A10",
        "source:name": "https://zoek.officielebekendmakingen.nl/gmb-2016-183326.html",
        "surface": "asphalt",
        "turn:lanes": "none|none|none|none|merge_to_left",
        "width": "13",
        "zone:traffic": "NL:rural"
      },
      "geometry": {
        "type": "LineString",
        "coordinates": [
          [
            4.8569036,
            52.4069045
          ],
          [
            4.8573161,
            52.407232
          ]
        ]
      },
      "id": "way/1331091273"
    },
    {
      "type": "Feature",
      "properties": {
        "@id": "way/1331091274",
        "carriageway_ref": "Re",
        "change:lanes": "yes|not_left|not_right|not_left|yes",
        "hazmat:B": "no",
        "hazmat:C": "no",
        "hazmat:D": "yes",
        "hazmat:E": "yes",
        "highway": "motorway",
        "int_ref": "E 22",
        "lanes": "5",
        "lit": "yes",
        "maxspeed": "100",
        "maxspeed:type": "sign",
        "name": "Ringweg-West",
        "note": "Officiele naamsverandering",
        "old_name:-2016-12-13": "Einsteinweg",
        "oneway": "yes",
        "operator": "Rijkswaterstaat",
        "placement": "middle_of:3",
        "ref": "A10",
        "source:name": "https://zoek.officielebekendmakingen.nl/gmb-2016-183326.html",
        "surface": "asphalt",
        "turn:lanes": "none|none|none|none|merge_to_left",
        "width": "13",
        "zone:traffic": "NL:rural"
      },
      "geometry": {
        "type": "LineString",
        "coordinates": [
          [
            4.8561056,
            52.4062517
          ],
          [
            4.8569036,
            52.4069045
          ]
        ]
      },
      "id": "way/1331091274"
    },
    {
      "type": "Feature",
      "properties": {
        "@id": "way/1331091275",
        "access:lanes": "variable|yes|yes|yes",
        "carriageway_ref": "Re",
        "change:lanes": "yes|not_left|yes|yes",
        "emergency:lanes": "yes|yes|yes|yes",
        "hazmat:B": "no",
        "hazmat:C": "no",
        "hazmat:D": "yes",
        "hazmat:E": "yes",
        "highway": "motorway",
        "int_ref": "E 22",
        "lanes": "4",
        "lit": "yes",
        "maxspeed": "100",
        "maxspeed:type": "sign",
        "name": "Ringweg-West",
        "note": "Linkerrijstrook wordt alleen geopend ter vervanging van een andere rijstrook/wisselbaan. Maximaal 8 van de 10 rijstroken in de Coentunnel zijn tegelijk open.",
        "note:url": "https://www.autoweek.nl/verkeer/waarom-is-de-linker-rijstrook-van-de-coentunnel-altijd-leeg/",
        "old_name:-2016-12-13": "Einsteinweg",
        "oneway": "yes",
        "operator": "Rijkswaterstaat",
        "placement": "middle_of:3",
        "ref": "A10",
        "source:name": "https://zoek.officielebekendmakingen.nl/gmb-2016-183326.html",
        "surface": "asphalt",
        "width": "11",
        "zone:traffic": "NL:rural"
      },
      "geometry": {
        "type": "LineString",
        "coordinates": [
          [
            4.8579201,
            52.4077047
          ],
          [
            4.8581133,
            52.407854
          ],
          [
            4.8583847,
            52.4080644
          ],
          [
            4.8585191,
            52.4081712
          ]
        ]
      },
      "id": "way/1331091275"
    },
    {
      "type": "Feature",
      "properties": {
        "@id": "way/1331091276",
        "carriageway_ref": "Re",
        "change:lanes": "yes|not_left|not_right|no",
        "hazmat:B": "no",
        "hazmat:C": "no",
        "hazmat:D": "yes",
        "hazmat:E": "yes",
        "highway": "motorway",
        "int_ref": "E 22",
        "lanes": "4",
        "lit": "yes",
        "maxspeed": "100",
        "name": "Ringweg-West",
        "note": "officiele naamsverandering weg",
        "old_name:-2016-12-13": "Einsteinweg",
        "oneway": "yes",
        "operator": "Rijkswaterstaat",
        "placement": "middle_of:3",
        "ref": "A10",
        "source:name": "https://zoek.officielebekendmakingen.nl/gmb-2016-183326.html",
        "surface": "asphalt",
        "width": "11",
        "zone:traffic": "NL:rural"
      },
      "geometry": {
        "type": "LineString",
        "coordinates": [
          [
            4.8551476,
            52.4054404
          ],
          [
            4.8555018,
            52.4057387
          ]
        ]
      },
      "id": "way/1331091276"
    },
    {
      "type": "Feature",
      "properties": {
        "@id": "way/1331091279",
        "carriageway_ref": "Re",
        "destination": "RING-Noord;Utrecht;Amersfoort;Volendam",
        "destination:int_ref": "E 35",
        "destination:ref": "RING A10",
        "hazmat:B": "no",
        "hazmat:C": "no",
        "hazmat:D": "yes",
        "hazmat:E": "yes",
        "highway": "motorway",
        "int_ref": "E 35",
        "lanes": "2",
        "lit": "yes",
        "maxspeed": "100",
        "maxspeed:type": "sign",
        "motorway": "yes",
        "name": "Ringweg-Noord",
        "oneway": "yes",
        "operator": "Rijkswaterstaat",
        "ref": "A10",
        "surface": "asphalt",
        "zone:traffic": "NL:rural"
      },
      "geometry": {
        "type": "LineString",
        "coordinates": [
          [
            4.8720142,
            52.4206948
          ],
          [
            4.8725519,
            52.420922
          ]
        ]
      },
      "id": "way/1331091279"
    },
    {
      "type": "Feature",
      "properties": {
        "@id": "way/1332839356",
        "access:lanes": "variable|yes|yes|yes",
        "bridge": "viaduct",
        "carriageway_ref": "Re",
        "change:lanes": "no|not_left|yes|yes",
        "highway": "motorway",
        "int_ref": "E 22",
        "lanes": "4",
        "layer": "1",
        "lit": "yes",
        "maxspeed": "80",
        "maxspeed:type": "sign",
        "name": "Ringweg-West",
        "old_name:-2016-12-13": "Einsteinweg",
        "oneway": "yes",
        "operator": "Rijkswaterstaat",
        "placement": "middle_of:3",
        "ref": "A10",
        "source:name": "https://zoek.officielebekendmakingen.nl/gmb-2016-183326.html",
        "surface": "asphalt",
        "turn:lanes": "slight_left|none|none|none",
        "zone:traffic": "NL:rural"
      },
      "geometry": {
        "type": "LineString",
        "coordinates": [
          [
            4.8442976,
            52.3919265
          ],
          [
            4.8442844,
            52.3921904
          ]
        ]
      },
      "id": "way/1332839356"
    },
    {
      "type": "Feature",
      "properties": {
        "@id": "way/1354663630",
        "carriageway_ref": "Li",
        "destination": "RING-Noord;Purmerend;Zaanstad",
        "destination:int_ref": "E35",
        "destination:ref": "RING A10",
        "highway": "motorway",
        "int_ref": "E 35",
        "lanes": "3",
        "lit": "yes",
        "maxspeed": "100",
        "maxspeed:type": "sign",
        "name": "Ringweg-Oost",
        "oneway": "yes",
        "operator": "Rijkswaterstaat",
        "placement": "transition",
        "ref": "A10",
        "surface": "asphalt",
        "zone:traffic": "NL:rural"
      },
      "geometry": {
        "type": "LineString",
        "coordinates": [
          [
            4.958621,
            52.3465837
          ],
          [
            4.9588772,
            52.3469157
          ]
        ]
      },
      "id": "way/1354663630"
    },
    {
      "type": "Feature",
      "properties": {
        "@id": "way/1359663062",
        "bridge": "yes",
        "carriageway_ref": "Li",
        "highway": "motorway",
        "int_ref": "E 19",
        "lanes": "5",
        "layer": "1",
        "lit": "yes",
        "maxspeed": "100",
        "maxspeed:type": "sign",
        "name": "Ringweg-Zuid",
        "oneway": "yes",
        "operator": "Rijkswaterstaat",
        "placement": "right_of:2",
        "ref": "A10",
        "surface": "asphalt",
        "survey:date": "2025-01-27",
        "turn:lanes": "none|none|none|slight_right|slight_right",
        "zone:traffic": "NL:rural"
      },
      "geometry": {
        "type": "LineString",
        "coordinates": [
          [
            4.8971343,
            52.3330994
          ],
          [
            4.8999182,
            52.3317364
          ]
        ]
      },
      "id": "way/1359663062"
    },
    {
      "type": "Feature",
      "properties": {
        "@id": "way/1359663063",
        "carriageway_ref": "Li",
        "change:lanes": "yes|yes|yes|not_right|yes",
        "highway": "motorway",
        "int_ref": "E 19",
        "lanes": "5",
        "lit": "yes",
        "maxspeed": "100",
        "maxspeed:type": "sign",
        "name": "Ringweg-Zuid",
        "oneway": "yes",
        "operator": "Rijkswaterstaat",
        "placement": "right_of:2",
        "ref": "A10",
        "surface": "asphalt",
        "survey:date": "2025-01-27",
        "zone:traffic": "NL:rural"
      },
      "geometry": {
        "type": "LineString",
        "coordinates": [
          [
            4.8960359,
            52.3336362
          ],
          [
            4.8968821,
            52.3332181
          ]
        ]
      },
      "id": "way/1359663063"
    },
    {
      "type": "Feature",
      "properties": {
        "@id": "way/1359663064",
        "carriageway_ref": "Li",
        "disused:maxspeed": "100",
        "highway": "motorway",
        "lanes": "2",
        "lit": "yes",
        "maxspeed": "90",
        "maxspeed:type": "sign",
        "name": "Ringweg-West",
        "old_name:-2016-12-13": "Einsteinweg",
        "oneway": "yes",
        "operator": "Rijkswaterstaat",
        "ref": "A10",
        "source:name": "https://zoek.officielebekendmakingen.nl/gmb-2016-183326.html",
        "surface": "asphalt",
        "zone:traffic": "NL:rural"
      },
      "geometry": {
        "type": "LineString",
        "coordinates": [
          [
            4.8441748,
            52.3372312
          ],
          [
            4.8443234,
            52.3372112
          ],
          [
            4.8445334,
            52.3371894
          ],
          [
            4.8448666,
            52.3371731
          ]
        ]
      },
      "id": "way/1359663064"
    },
    {
      "type": "Feature",
      "properties": {
        "@id": "way/1359663065",
        "carriageway_ref": "Li",
        "disused:maxspeed": "100",
        "highway": "motorway",
        "lanes": "2",
        "lit": "yes",
        "maxspeed": "90",
        "maxspeed:type": "sign",
        "name": "Ringweg-West",
        "old_name:-2016-12-13": "Einsteinweg",
        "oneway": "yes",
        "operator": "Rijkswaterstaat",
        "placement": "transition",
        "ref": "A10",
        "source:name": "https://zoek.officielebekendmakingen.nl/gmb-2016-183326.html",
        "surface": "asphalt",
        "survey:date": "2025-01-27",
        "zone:traffic": "NL:rural"
      },
      "geometry": {
        "type": "LineString",
        "coordinates": [
          [
            4.8448666,
            52.3371731
          ],
          [
            4.8457092,
            52.337131
          ]
        ]
      },
      "id": "way/1359663065"
    },
    {
      "type": "Feature",
      "properties": {
        "@id": "way/1359663067",
        "bridge": "movable",
        "bridge:movable": "bascule",
        "bridge:name": "Schinkelbrug",
        "carriageway_ref": "Li",
        "disused:maxspeed": "100",
        "highway": "motorway",
        "int_ref": "E 19",
        "lanes": "5",
        "layer": "1",
        "lit": "yes",
        "maxspeed": "90",
        "maxspeed:type": "sign",
        "name": "Ringweg-Zuid",
        "oneway": "yes",
        "operator": "Rijkswaterstaat",
        "placement": "middle_of:3",
        "ref": "A10",
        "surface": "asphalt",
        "survey:date": "2025-01-27",
        "zone:traffic": "NL:rural"
      },
      "geometry": {
        "type": "LineString",
        "coordinates": [
          [
            4.8465237,
            52.3371763
          ],
          [
            4.848411,
            52.3372691
          ]
        ]
      },
      "id": "way/1359663067"
    },
    {
      "type": "Feature",
      "properties": {
        "@id": "way/1359663075",
        "carriageway_ref": "Li",
        "change:lanes": "yes|yes|yes|yes|yes|no",
        "disused:maxspeed": "100",
        "highway": "motorway",
        "int_ref": "E 19",
        "lanes": "6",
        "lit": "yes",
        "maxspeed": "90",
        "maxspeed:type": "sign",
        "name": "Ringweg-Zuid",
        "oneway": "yes",
        "operator": "Rijkswaterstaat",
        "placement": "middle_of:3",
        "ref": "A10",
        "surface": "asphalt",
        "survey:date": "2025-01-27",
        "turn:lanes": "through|through|through|through|slight_right|slight_right",
        "zone:traffic": "NL:rural"
      },
      "geometry": {
        "type": "LineString",
        "coordinates": [
          [
            4.8584367,
            52.3378064
          ],
          [
            4.8594545,
            52.3378697
          ]
        ]
      },
      "id": "way/1359663075"
    },
    {
      "type": "Feature",
      "properties": {
        "@id": "way/1359663076",
        "carriageway_ref": "Li",
        "destination": "Groningen;Hengelo;Utrecht",
        "destination:int_ref": "E19",
        "destination:ref": "RING A10",
        "disused:maxspeed": "100",
        "highway": "motorway",
        "int_ref": "E 19",
        "lanes": "4",
        "lit": "yes",
        "maxspeed": "90",
        "maxspeed:type": "sign",
        "name": "Ringweg-Zuid",
        "oneway": "yes",
        "operator": "Rijkswaterstaat",
        "ref": "A10",
        "surface": "asphalt",
        "survey:date": "2025-01-27",
        "zone:traffic": "NL:rural"
      },
      "geometry": {
        "type": "LineString",
        "coordinates": [
          [
            4.8594545,
            52.3378697
          ],
          [
            4.8597202,
            52.3378843
          ],
          [
            4.8611225,
            52.3379495
          ],
          [
            4.8637401,
            52.338088
          ]
        ]
      },
      "id": "way/1359663076"
    },
    {
      "type": "Feature",
      "properties": {
        "@id": "way/1359668401",
        "carriageway_ref": "Li",
        "disused:maxspeed": "100",
        "highway": "motorway",
        "int_ref": "E 19",
        "lanes": "5",
        "lit": "yes",
        "maxspeed": "90",
        "maxspeed:type": "sign",
        "name": "Ringweg-Zuid",
        "oneway": "yes",
        "operator": "Rijkswaterstaat",
        "placement": "middle_of:3",
        "ref": "A10",
        "surface": "asphalt",
        "survey:date": "2025-01-27",
        "zone:traffic": "NL:rural"
      },
      "geometry": {
        "type": "LineString",
        "coordinates": [
          [
            4.8494809,
            52.3373339
          ],
          [
            4.8511156,
            52.3374221
          ]
        ]
      },
      "id": "way/1359668401"
    },
    {
      "type": "Feature",
      "properties": {
        "@id": "way/1359673884",
        "carriageway_ref": "Re",
        "destination": "RING-West;Leeuwarden;Zaanstad",
        "destination:int_ref": "E 22",
        "destination:ref": "RING A10",
        "disused:maxspeed": "100",
        "highway": "motorway",
        "lanes": "2",
        "lit": "yes",
        "maxspeed": "90",
        "maxspeed:type": "sign",
        "name": "Ringweg-West",
        "old_name:-2016-12-13": "Einsteinweg",
        "oneway": "yes",
        "operator": "Rijkswaterstaat",
        "placement": "transition",
        "ref": "A10",
        "source:name": "https://zoek.officielebekendmakingen.nl/gmb-2016-183326.html",
        "surface": "asphalt",
        "survey:date": "2025-01-27",
        "turn:lanes": "through|through;slight_right",
        "zone:traffic": "NL:rural"
      },
      "geometry": {
        "type": "LineString",
        "coordinates": [
          [
            4.8454993,
            52.3379604
          ],
          [
            4.8447534,
            52.338024
          ]
        ]
      },
      "id": "way/1359673884"
    },
    {
      "type": "Feature",
      "properties": {
        "@id": "way/1359673885",
        "access:lanes": "yes|yes|yes|variable",
        "carriageway_ref": "Re",
        "disused:maxspeed": "100",
        "hazard": "roadworks",
        "highway": "motorway",
        "int_ref": "E 19",
        "lanes": "4",
        "lit": "yes",
        "maxspeed": "90",
        "maxspeed:type": "sign",
        "name": "Ringweg-Zuid",
        "oneway": "yes",
        "operator": "Rijkswaterstaat",
        "placement": "transition",
        "ref": "A10",
        "surface": "asphalt",
        "survey:date": "2025-01-27",
        "zone:traffic": "NL:rural"
      },
      "geometry": {
        "type": "LineString",
        "coordinates": [
          [
            4.8602744,
            52.3388313
          ],
          [
            4.8585583,
            52.3387582
          ]
        ]
      },
      "id": "way/1359673885"
    },
    {
      "type": "Feature",
      "properties": {
        "@id": "way/1359673887",
        "access:lanes": "yes|yes|yes|variable",
        "carriageway_ref": "Re",
        "destination": "Zaanstad;Rotterdam;Schiphol",
        "destination:int_ref": "E19",
        "destination:ref": "RING A10",
        "highway": "motorway",
        "int_ref": "E 19",
        "lanes": "4",
        "lit": "yes",
        "maxspeed": "100",
        "maxspeed:type": "sign",
        "name": "Ringweg-Zuid",
        "oneway": "yes",
        "operator": "Rijkswaterstaat",
        "placement": "right_of:2",
        "ref": "A10",
        "surface": "asphalt",
        "survey:date": "2025-01-27",
        "zone:traffic": "NL:rural"
      },
      "geometry": {
        "type": "LineString",
        "coordinates": [
          [
            4.8648936,
            52.3390451
          ],
          [
            4.8638949,
            52.3390007
          ]
        ]
      },
      "id": "way/1359673887"
    },
    {
      "type": "Feature",
      "properties": {
        "@id": "way/1375575558",
        "carriageway_ref": "Re",
        "highway": "motorway",
        "int_ref": "E 35",
        "lanes": "4",
        "lit": "yes",
        "maxspeed": "100",
        "name": "Ringweg-Oost",
        "oneway": "yes",
        "operator": "Rijkswaterstaat",
        "ref": "A10",
        "shoulder": "no",
        "smoothness": "excellent",
        "surface": "asphalt",
        "width": "15"
      },
      "geometry": {
        "type": "LineString",
        "coordinates": [
          [
            4.938273,
            52.33581
          ],
          [
            4.9374902,
            52.3354952
          ]
        ]
      },
      "id": "way/1375575558"
    }
  ]
}